genus,species,genus_species,sex,date,round,method,site_name
Andrena,atlantica,Andrena_atlantica,u,5/31/03,2,pan,BedfordRd
Andrena,banksi,Andrena_banksi,u,6/17/03,3,net,BedfordRd
Andrena,cressonii,Andrena_cressonii,u,4/25/03,1,pan,BedfordRd
Andrena,miserabilis,Andrena_miserabilis,u,4/15/03,1,net,BedfordRd
Andrena,vicina,Andrena_vicina,u,4/25/03,1,pan,BedfordRd
Ceratina,calcarata,Ceratina_calcarata,m,5/31/03,2,pan,BedfordRd
Ceratina,calcarata,Ceratina_calcarata,m,5/31/03,2,pan,BedfordRd
Ceratina,calcarata,Ceratina_calcarata,m,5/31/03,2,pan,BedfordRd
Ceratina,calcarata,Ceratina_calcarata,f,7/26/03,4,pan,BedfordRd
Ceratina,strenua,Ceratina_strenua,f,5/31/03,2,pan,BedfordRd
Ceratina,strenua,Ceratina_strenua,m,5/31/03,2,pan,BedfordRd
Ceratina,strenua,Ceratina_strenua,m,5/31/03,2,pan,BedfordRd
Ceratina,strenua,Ceratina_strenua,f,7/26/03,4,pan,BedfordRd
Chelostoma,philadelphi,Chelostoma_philadelphi,m,5/31/03,2,pan,BedfordRd
Colletes,thoracicus,Colletes_thoracicus,f,6/17/03,3,net,BedfordRd
Colletes,thoracicus,Colletes_thoracicus,f,6/17/03,3,net,BedfordRd
Lasioglossum,ceanothi_seeTN,Lasioglossum_ceanothi_seeTN,f,4/25/03,1,pan,BedfordRd
Lasioglossum,illinoense,Lasioglossum_illinoense,f,5/31/03,2,pan,BedfordRd
Lasioglossum,illinoense,Lasioglossum_illinoense,f,5/31/03,2,pan,BedfordRd
Lasioglossum,illinoense,Lasioglossum_illinoense,f,7/26/03,4,pan,BedfordRd
Lasioglossum,pectorale,Lasioglossum_pectorale,f,5/31/03,2,pan,BedfordRd
Nomada,lepida,Nomada_lepida,m,4/25/03,1,pan,BedfordRd
Nomada,maculata,Nomada_maculata,m,4/25/03,1,pan,BedfordRd
Osmia,pumila,Osmia_pumila,m,4/15/03,1,net,BedfordRd
Sphecodes,aroniae,Sphecodes_aroniae,f,6/17/03,3,net,BedfordRd
Sphecodes,aroniae,Sphecodes_aroniae,f,6/17/03,3,net,BedfordRd
Sphecodes,aroniae,Sphecodes_aroniae,f,6/17/03,3,net,BedfordRd
Sphecodes,aroniae,Sphecodes_aroniae,f,6/17/03,3,net,BedfordRd
Sphecodes,aroniae,Sphecodes_aroniae,f,6/17/03,3,net,BedfordRd
Sphecodes,aroniae,Sphecodes_aroniae,f,6/17/03,3,net,BedfordRd
Andrena,atlantica,Andrena_atlantica,u,6/17/03,3,net,BurntMillRdN
Andrena,miserabilis,Andrena_miserabilis,u,4/25/03,1,pan,BurntMillRdN
Andrena,miserabilis,Andrena_miserabilis,u,4/25/03,1,pan,BurntMillRdN
Andrena,vicina,Andrena_vicina,u,5/19/03,2,net,BurntMillRdN
Augochlorella,aurata,Augochlorella_aurata,f,7/27/03,4,pan,BurntMillRdN
Bombus,bimaculatus,Bombus_bimaculatus,f,5/19/03,2,net,BurntMillRdN
Bombus,bimaculatus,Bombus_bimaculatus,f,5/19/03,2,net,BurntMillRdN
Bombus,bimaculatus,Bombus_bimaculatus,f,6/17/03,3,net,BurntMillRdN
Bombus,bimaculatus,Bombus_bimaculatus,f,6/17/03,3,net,BurntMillRdN
Bombus,griseocollis,Bombus_griseocollis,f,6/17/03,3,net,BurntMillRdN
Bombus,impatiens,Bombus_impatiens,f,5/19/03,2,net,BurntMillRdN
Bombus,impatiens,Bombus_impatiens,f,5/19/03,2,net,BurntMillRdN
Bombus,impatiens,Bombus_impatiens,f,6/17/03,3,net,BurntMillRdN
Bombus,citrinus,Bombus_citrinus,f,7/18/03,4,net,BurntMillRdN
Ceratina,calcarata,Ceratina_calcarata,m,6/7/03,2,pan,BurntMillRdN
Colletes,validus,Colletes_validus,f,4/16/03,1,net,BurntMillRdN
Colletes,validus,Colletes_validus,m,4/16/03,1,net,BurntMillRdN
Colletes,validus,Colletes_validus,m,4/25/03,1,pan,BurntMillRdN
Habropoda,laboriosa,Habropoda_laboriosa,m,4/25/03,1,pan,BurntMillRdN
Habropoda,laboriosa,Habropoda_laboriosa,m,4/25/03,1,pan,BurntMillRdN
Habropoda,laboriosa,Habropoda_laboriosa,m,4/25/03,1,pan,BurntMillRdN
Habropoda,laboriosa,Habropoda_laboriosa,f,6/17/03,3,net,BurntMillRdN
Habropoda,laboriosa,Habropoda_laboriosa,f,6/17/03,3,net,BurntMillRdN
Halictus,ligatus,Halictus_ligatus,f,6/25/03,3,pan,BurntMillRdN
Lasioglossum,oblongum_OldDetseeTN,Lasioglossum_oblongum_OldDetseeTN,f,7/27/03,4,pan,BurntMillRdN
Lasioglossum,oblongum,Lasioglossum_oblongum,f,7/27/03,4,pan,BurntMillRdN
Lasioglossum,oblongum,Lasioglossum_oblongum,f,7/27/03,4,pan,BurntMillRdN
Lasioglossum,pectorale,Lasioglossum_pectorale,f,6/7/03,2,pan,BurntMillRdN
Lasioglossum,pectorale,Lasioglossum_pectorale,f,6/7/03,2,pan,BurntMillRdN
Lasioglossum,pectorale,Lasioglossum_pectorale,f,6/25/03,3,pan,BurntMillRdN
Lasioglossum,pectorale,Lasioglossum_pectorale,f,6/25/03,3,pan,BurntMillRdN
Lasioglossum,pectorale,Lasioglossum_pectorale,f,6/25/03,3,pan,BurntMillRdN
Lasioglossum,pectorale,Lasioglossum_pectorale,f,6/25/03,3,pan,BurntMillRdN
Lasioglossum,pectorale,Lasioglossum_pectorale,m,7/27/03,4,pan,BurntMillRdN
Lasioglossum,pilosum,Lasioglossum_pilosum,f,7/27/03,4,pan,BurntMillRdN
Lasioglossum,tegulare,Lasioglossum_tegulare,f,4/25/03,1,pan,BurntMillRdN
Lasioglossum,nelumbonis,Lasioglossum_nelumbonis,f,6/25/03,3,pan,BurntMillRdN
Lasioglossum,leucozonium,Lasioglossum_leucozonium,u,7/27/03,4,pan,BurntMillRdN
Lasioglossum,leucozonium,Lasioglossum_leucozonium,u,7/27/03,4,pan,BurntMillRdN
Nomada,lepida,Nomada_lepida,f,4/16/03,1,net,BurntMillRdN
Nomada,lehighensis,Nomada_lehighensis,f,4/16/03,1,net,BurntMillRdN
Sphecodes,aroniae,Sphecodes_aroniae,f,6/17/03,3,net,BurntMillRdN
Sphecodes,confertus,Sphecodes_confertus,f,4/16/03,1,net,BurntMillRdN
Andrena,vicina,Andrena_vicina,u,4/25/03,1,pan,BurntMillRdS
Andrena,wilkella,Andrena_wilkella,u,6/25/03,3,pan,BurntMillRdS
Bombus,bimaculatus,Bombus_bimaculatus,f,6/17/03,3,net,BurntMillRdS
Bombus,perplexus,Bombus_perplexus,f,6/17/03,3,net,BurntMillRdS
Bombus,citrinus,Bombus_citrinus,f,6/17/03,3,net,BurntMillRdS
Calliopsis,andreniformis,Calliopsis_andreniformis,f,6/25/03,3,pan,BurntMillRdS
Calliopsis,andreniformis,Calliopsis_andreniformis,f,6/25/03,3,pan,BurntMillRdS
Ceratina,strenua,Ceratina_strenua,m,6/7/03,2,pan,BurntMillRdS
Ceratina,strenua,Ceratina_strenua,m,6/7/03,2,pan,BurntMillRdS
Colletes,inaequalis,Colletes_inaequalis,f,4/16/03,1,net,BurntMillRdS
Habropoda,laboriosa,Habropoda_laboriosa,f,4/25/03,1,pan,BurntMillRdS
Habropoda,laboriosa,Habropoda_laboriosa,f,4/25/03,1,pan,BurntMillRdS
Habropoda,laboriosa,Habropoda_laboriosa,f,6/17/03,3,net,BurntMillRdS
Habropoda,laboriosa,Habropoda_laboriosa,f,6/17/03,3,net,BurntMillRdS
Lasioglossum,subviridatum,Lasioglossum_subviridatum,f,7/18/03,4,net,BurntMillRdS
Lasioglossum,oblongum_OldDetseeTN,Lasioglossum_oblongum_OldDetseeTN,f,4/25/03,1,pan,BurntMillRdS
Lasioglossum,oblongum_OldDetseeTN,Lasioglossum_oblongum_OldDetseeTN,f,4/25/03,1,pan,BurntMillRdS
Lasioglossum,pectorale,Lasioglossum_pectorale,f,6/25/03,3,pan,BurntMillRdS
Lasioglossum,pectorale,Lasioglossum_pectorale,f,7/27/03,4,pan,BurntMillRdS
Lasioglossum,subviridatum,Lasioglossum_subviridatum,f,6/25/03,3,pan,BurntMillRdS
Lasioglossum,subviridatum,Lasioglossum_subviridatum,f,7/27/03,4,pan,BurntMillRdS
Lasioglossum,tegulare,Lasioglossum_tegulare,f,6/7/03,2,pan,BurntMillRdS
Nomada,bella,Nomada_bella,m,4/16/03,1,net,BurntMillRdS
Nomada,luteoloides,Nomada_luteoloides,m,4/25/03,1,pan,BurntMillRdS
Nomada,maculata,Nomada_maculata,m,4/25/03,1,pan,BurntMillRdS
Nomada,maculata,Nomada_maculata,m,4/25/03,1,pan,BurntMillRdS
Nomada,maculata,Nomada_maculata,m,4/25/03,1,pan,BurntMillRdS
Nomada,maculata,Nomada_maculata,m,4/25/03,1,pan,BurntMillRdS
Nomada,lehighensis,Nomada_lehighensis,f,4/16/03,1,net,BurntMillRdS
Sphecodes,aroniae,Sphecodes_aroniae,f,6/17/03,3,net,BurntMillRdS
Sphecodes,confertus,Sphecodes_confertus,f,4/16/03,1,net,BurntMillRdS
Sphecodes,mandibularis,Sphecodes_mandibularis,f,6/7/03,2,pan,BurntMillRdS
Agapostemon,texanus,Agapostemon_texanus,f,5/31/03,2,pan,CowpathRd
Agapostemon,virescens,Agapostemon_virescens,f,6/25/03,3,pan,CowpathRd
Andrena,imitatrix,Andrena_imitatrix,u,5/20/03,2,net,CowpathRd
Bombus,bimaculatus,Bombus_bimaculatus,f,6/18/03,3,net,CowpathRd
Bombus,citrinus,Bombus_citrinus,f,6/18/03,3,net,CowpathRd
Ceratina,calcarata_seeTN,Ceratina_calcarata_seeTN,f,6/25/03,3,pan,CowpathRd
Ceratina,calcarata,Ceratina_calcarata,f,6/25/03,3,pan,CowpathRd
Ceratina,strenua,Ceratina_strenua,m,4/29/03,1,pan,CowpathRd
Ceratina,strenua,Ceratina_strenua,f,6/26/03,3,pan,CowpathRd
Colletes,thoracicus,Colletes_thoracicus,f,6/18/03,3,net,CowpathRd
Habropoda,laboriosa,Habropoda_laboriosa,m,5/20/03,2,net,CowpathRd
Habropoda,laboriosa,Habropoda_laboriosa,f,6/18/03,3,net,CowpathRd
Holcopasites,calliopsidis,Holcopasites_calliopsidis,u,7/26/03,4,pan,CowpathRd
Lasioglossum,bruneri,Lasioglossum_bruneri,f,7/26/03,4,pan,CowpathRd
Lasioglossum,bruneri,Lasioglossum_bruneri,f,7/26/03,4,pan,CowpathRd
Lasioglossum,laevissimum_OldDetseeTN,Lasioglossum_laevissimum_OldDetseeTN,f,6/25/03,3,pan,CowpathRd
Lasioglossum,tegulare,Lasioglossum_tegulare,f,4/29/03,1,pan,CowpathRd
Lasioglossum,tegulare,Lasioglossum_tegulare,f,4/29/03,1,pan,CowpathRd
Lasioglossum,tegulare,Lasioglossum_tegulare,f,5/31/03,2,pan,CowpathRd
Lasioglossum,sopinci,Lasioglossum_sopinci,f,6/18/03,3,net,CowpathRd
Lasioglossum,fuscipenne,Lasioglossum_fuscipenne,f,6/18/03,3,net,CowpathRd
Lasioglossum,leucozonium,Lasioglossum_leucozonium,f,7/26/03,4,pan,CowpathRd
Nomada,australis,Nomada_australis,f,6/26/03,3,pan,CowpathRd
Nomada,imbricata,Nomada_imbricata,m,4/29/03,1,pan,CowpathRd
Nomada,lepida,Nomada_lepida,m,4/17/03,1,net,CowpathRd
Nomada,maculata,Nomada_maculata,m,4/29/03,1,pan,CowpathRd
Nomada,pygmaea,Nomada_pygmaea,m,4/29/03,1,pan,CowpathRd
Osmia,atriventris,Osmia_atriventris,f,5/31/03,2,pan,CowpathRd
Osmia,pumila,Osmia_pumila,m,4/29/03,1,pan,CowpathRd
Osmia,pumila,Osmia_pumila,m,5/31/03,2,pan,CowpathRd
Osmia,virga,Osmia_virga,f,4/29/03,1,pan,CowpathRd
Sphecodes,aroniae,Sphecodes_aroniae,f,6/18/03,3,net,CowpathRd
Sphecodes,atlantis,Sphecodes_atlantis,f,5/31/03,2,pan,CowpathRd
Sphecodes,coronus,Sphecodes_coronus,f,4/29/03,1,pan,CowpathRd
Xylocopa,virginica,Xylocopa_virginica,m,4/17/03,1,net,CowpathRd
Xylocopa,virginica,Xylocopa_virginica,f,5/20/03,2,net,CowpathRd
Xylocopa,virginica,Xylocopa_virginica,f,5/20/03,2,net,CowpathRd
Xylocopa,virginica,Xylocopa_virginica,f,6/18/03,3,net,CowpathRd
Andrena,carlini,Andrena_carlini,u,5/31/03,2,net,Cutts
Andrena,imitatrix,Andrena_imitatrix,u,4/29/03,1,net,Cutts
Ceratina,calcarata,Ceratina_calcarata,m,4/17/03,1,pan,Cutts
Ceratina,strenua,Ceratina_strenua,m,4/29/03,1,net,Cutts
Ceratina,strenua,Ceratina_strenua,f,4/29/03,1,net,Cutts
Ceratina,strenua,Ceratina_strenua,m,6/25/03,3,net,Cutts
Ceratina,strenua,Ceratina_strenua,m,6/25/03,3,net,Cutts
Lasioglossum,timothyi,Lasioglossum_timothyi,f,5/31/03,2,net,Cutts
Lasioglossum,ephialtum,Lasioglossum_ephialtum,f,7/31/03,4,net,Cutts
Lasioglossum,coeruleum,Lasioglossum_coeruleum,f,5/31/03,2,net,Cutts
Lasioglossum,imitatum,Lasioglossum_imitatum,f,7/21/03,4,pan,Cutts
Lasioglossum,imitatum,Lasioglossum_imitatum,f,7/21/03,4,pan,Cutts
Lasioglossum,sp_OldDetseeTN,Lasioglossum_sp_OldDetseeTN,m,6/25/03,3,net,Cutts
Nomada,cressonii,Nomada_cressonii,f,5/31/03,2,net,Cutts
Osmia,atriventris,Osmia_atriventris,f,4/17/03,1,pan,Cutts
Osmia,virga,Osmia_virga,m,4/17/03,1,pan,Cutts
Andrena,miserabilis,Andrena_miserabilis,u,4/25/03,1,pan,Elm
Andrena,miserabilis,Andrena_miserabilis,u,6/25/03,3,pan,Elm
Andrena,vicina,Andrena_vicina,u,4/25/03,1,pan,Elm
Andrena,vicina,Andrena_vicina,u,4/25/03,1,pan,Elm
Andrena,vicina,Andrena_vicina,u,4/25/03,1,pan,Elm
Andrena,vicina,Andrena_vicina,u,4/25/03,1,pan,Elm
Andrena,vicina,Andrena_vicina,u,4/25/03,1,pan,Elm
Andrena,vicina,Andrena_vicina,u,4/25/03,1,pan,Elm
Andrena,vicina,Andrena_vicina,u,4/25/03,1,pan,Elm
Bombus,impatiens,Bombus_impatiens,f,5/19/03,2,net,Elm
Bombus,vagans,Bombus_vagans,f,7/16/03,4,net,Elm
Ceratina,calcarata,Ceratina_calcarata,m,5/31/03,2,pan,Elm
Ceratina,calcarata,Ceratina_calcarata,m,5/31/03,2,pan,Elm
Ceratina,calcarata,Ceratina_calcarata,m,5/31/03,2,pan,Elm
Ceratina,calcarata,Ceratina_calcarata,f,5/31/03,2,pan,Elm
Ceratina,strenua,Ceratina_strenua,m,5/31/03,2,pan,Elm
Ceratina,strenua,Ceratina_strenua,f,5/31/03,2,pan,Elm
Chelostoma,philadelphi,Chelostoma_philadelphi,m,5/31/03,2,pan,Elm
Coelioxys,sayi,Coelioxys_sayi,f,6/17/03,3,net,Elm
Colletes,thoracicus,Colletes_thoracicus,f,6/17/03,3,net,Elm
Hylaeus,affinis_modestus,Hylaeus_affinis_modestus,f,7/26/03,4,pan,Elm
Lasioglossum,timothyi,Lasioglossum_timothyi,f,5/31/03,2,pan,Elm
Lasioglossum,bruneri,Lasioglossum_bruneri,f,6/17/03,3,net,Elm
Lasioglossum,pectorale,Lasioglossum_pectorale,m,7/26/03,4,pan,Elm
Lasioglossum,pectorale,Lasioglossum_pectorale,f,7/26/03,4,pan,Elm
Lasioglossum,pilosum,Lasioglossum_pilosum,f,6/25/03,3,pan,Elm
Lasioglossum,tegulare,Lasioglossum_tegulare,f,6/25/03,3,pan,Elm
Lasioglossum,fuscipenne,Lasioglossum_fuscipenne,f,6/17/03,3,net,Elm
Osmia,pumila,Osmia_pumila,m,4/15/03,1,net,Elm
Osmia,virga,Osmia_virga,f,5/31/03,2,pan,Elm
Sphecodes,aroniae,Sphecodes_aroniae,f,6/17/03,3,net,Elm
Sphecodes,aroniae,Sphecodes_aroniae,f,6/17/03,3,net,Elm
Agapostemon,virescens,Agapostemon_virescens,f,6/24/03,3,pan,FlittertownRd
Agapostemon,virescens,Agapostemon_virescens,f,6/24/03,3,pan,FlittertownRd
Agapostemon,virescens,Agapostemon_virescens,f,6/24/03,3,pan,FlittertownRd
Agapostemon,virescens,Agapostemon_virescens,f,6/24/03,3,pan,FlittertownRd
Andrena,carolina,Andrena_carolina,u,6/3/03,2,pan,FlittertownRd
Andrena,carolina,Andrena_carolina,u,6/17/03,3,net,FlittertownRd
Andrena,carolina,Andrena_carolina,u,6/17/03,3,net,FlittertownRd
Andrena,cornelli,Andrena_cornelli,u,6/17/03,3,net,FlittertownRd
Andrena,erigeniae,Andrena_erigeniae,u,4/28/03,1,pan,FlittertownRd
Andrena,wilkella,Andrena_wilkella,u,6/17/03,3,net,FlittertownRd
Bombus,bimaculatus,Bombus_bimaculatus,f,4/15/03,1,net,FlittertownRd
Bombus,bimaculatus,Bombus_bimaculatus,f,5/19/03,2,net,FlittertownRd
Bombus,perplexus,Bombus_perplexus,f,5/19/03,2,net,FlittertownRd
Bombus,perplexus,Bombus_perplexus,f,5/19/03,2,net,FlittertownRd
Bombus,perplexus,Bombus_perplexus,f,6/17/03,3,net,FlittertownRd
Bombus,perplexus,Bombus_perplexus,f,6/17/03,3,net,FlittertownRd
Bombus,perplexus,Bombus_perplexus,f,6/17/03,3,net,FlittertownRd
Bombus,perplexus,Bombus_perplexus,f,6/17/03,3,net,FlittertownRd
Bombus,vagans,Bombus_vagans,f,6/17/03,3,net,FlittertownRd
Ceratina,calcarata,Ceratina_calcarata,m,8/13/03,4,pan,FlittertownRd
Ceratina,calcarata,Ceratina_calcarata,f,6/24/03,3,pan,FlittertownRd
Ceratina,calcarata,Ceratina_calcarata,f,6/24/03,3,pan,FlittertownRd
Ceratina,calcarata,Ceratina_calcarata,f,7/21/03,4,net,FlittertownRd
Ceratina,calcarata,Ceratina_calcarata,f,8/13/03,4,pan,FlittertownRd
Ceratina,calcarata,Ceratina_calcarata,f,8/13/03,4,pan,FlittertownRd
Habropoda,laboriosa,Habropoda_laboriosa,f,5/19/03,2,net,FlittertownRd
Halictus,ligatus,Halictus_ligatus,f,7/21/03,4,net,FlittertownRd
Halictus,ligatus,Halictus_ligatus,f,8/13/03,4,pan,FlittertownRd
Halictus,ligatus,Halictus_ligatus,f,8/13/03,4,pan,FlittertownRd
Halictus,ligatus,Halictus_ligatus,m,8/13/03,4,pan,FlittertownRd
Lasioglossum,subviridatum,Lasioglossum_subviridatum,f,8/13/03,4,pan,FlittertownRd
Lasioglossum,coeruleum,Lasioglossum_coeruleum,f,5/19/03,2,net,FlittertownRd
Lasioglossum,illinoense,Lasioglossum_illinoense,f,6/3/03,2,pan,FlittertownRd
Lasioglossum,illinoense,Lasioglossum_illinoense,f,6/24/03,3,pan,FlittertownRd
Lasioglossum,illinoense,Lasioglossum_illinoense,f,6/24/03,3,pan,FlittertownRd
Lasioglossum,imitatum,Lasioglossum_imitatum,f,6/24/03,3,pan,FlittertownRd
Lasioglossum,imitatum,Lasioglossum_imitatum,f,6/24/03,3,pan,FlittertownRd
Lasioglossum,imitatum,Lasioglossum_imitatum,f,6/24/03,3,pan,FlittertownRd
Lasioglossum,imitatum,Lasioglossum_imitatum,f,6/24/03,3,pan,FlittertownRd
Lasioglossum,imitatum,Lasioglossum_imitatum,f,6/24/03,3,pan,FlittertownRd
Lasioglossum,imitatum,Lasioglossum_imitatum,f,8/13/03,4,pan,FlittertownRd
Lasioglossum,macoupinense_OldDetseeTN,Lasioglossum_macoupinense_OldDetseeTN,f,6/17/03,3,net,FlittertownRd
Lasioglossum,pectorale,Lasioglossum_pectorale,f,8/13/03,4,pan,FlittertownRd
Lasioglossum,cressonii,Lasioglossum_cressonii,u,8/13/03,4,pan,FlittertownRd
Lasioglossum,coeruleum,Lasioglossum_coeruleum,u,6/17/03,3,net,FlittertownRd
Osmia,pumila,Osmia_pumila,f,4/28/03,1,pan,FlittertownRd
Andrena,bradleyi,Andrena_bradleyi,u,4/21/03,1,pan,ForestRd
Andrena,bradleyi,Andrena_bradleyi,u,4/21/03,1,pan,ForestRd
Andrena,carolina,Andrena_carolina,u,5/28/03,2,net,ForestRd
Andrena,hilaris,Andrena_hilaris,u,6/24/03,3,net,ForestRd
Andrena,imitatrix,Andrena_imitatrix,u,5/21/03,2,pan,ForestRd
Augochlorella,aurata,Augochlorella_aurata,f,6/17/03,3,pan,ForestRd
Augochlorella,aurata,Augochlorella_aurata,f,6/17/03,3,pan,ForestRd
Augochlorella,aurata,Augochlorella_aurata,f,7/16/03,4,pan,ForestRd
Augochloropsis,metallica,Augochloropsis_metallica,f,6/24/03,3,net,ForestRd
Bombus,bimaculatus,Bombus_bimaculatus,f,4/30/03,1,net,ForestRd
Bombus,bimaculatus,Bombus_bimaculatus,f,4/30/03,1,net,ForestRd
Bombus,bimaculatus,Bombus_bimaculatus,f,5/28/03,2,net,ForestRd
Colletes,inaequalis,Colletes_inaequalis,f,4/21/03,1,pan,ForestRd
Colletes,inaequalis,Colletes_inaequalis,f,4/21/03,1,pan,ForestRd
Colletes,inaequalis,Colletes_inaequalis,f,4/21/03,1,pan,ForestRd
Colletes,inaequalis,Colletes_inaequalis,f,4/25/03,1,net,ForestRd
Colletes,inaequalis,Colletes_inaequalis,f,4/25/03,1,net,ForestRd
Colletes,validus,Colletes_validus,m,4/21/03,1,pan,ForestRd
Colletes,validus,Colletes_validus,f,4/21/03,1,pan,ForestRd
Colletes,validus,Colletes_validus,m,4/21/03,1,pan,ForestRd
Habropoda,laboriosa,Habropoda_laboriosa,m,4/21/03,1,pan,ForestRd
Habropoda,laboriosa,Habropoda_laboriosa,m,4/21/03,1,pan,ForestRd
Habropoda,laboriosa,Habropoda_laboriosa,m,4/21/03,1,pan,ForestRd
Habropoda,laboriosa,Habropoda_laboriosa,m,4/21/03,1,pan,ForestRd
Habropoda,laboriosa,Habropoda_laboriosa,m,4/21/03,1,pan,ForestRd
Habropoda,laboriosa,Habropoda_laboriosa,m,4/21/03,1,pan,ForestRd
Habropoda,laboriosa,Habropoda_laboriosa,m,4/21/03,1,pan,ForestRd
Habropoda,laboriosa,Habropoda_laboriosa,m,4/21/03,1,pan,ForestRd
Habropoda,laboriosa,Habropoda_laboriosa,m,4/25/03,1,net,ForestRd
Habropoda,laboriosa,Habropoda_laboriosa,m,4/25/03,1,net,ForestRd
Habropoda,laboriosa,Habropoda_laboriosa,f,5/28/03,2,net,ForestRd
Hoplitis,truncata,Hoplitis_truncata,m,6/24/03,3,net,ForestRd
Hoplitis,truncata,Hoplitis_truncata,m,6/24/03,3,net,ForestRd
Lasioglossum,oblongum_OldDetseeTN,Lasioglossum_oblongum_OldDetseeTN,f,4/21/03,1,pan,ForestRd
Lasioglossum,subviridatum,Lasioglossum_subviridatum,f,4/21/03,1,pan,ForestRd
Lasioglossum,oblongum,Lasioglossum_oblongum,f,7/16/03,4,pan,ForestRd
Lasioglossum,oblongum_OldDetseeTN,Lasioglossum_oblongum_OldDetseeTN,f,7/16/03,4,pan,ForestRd
Lasioglossum,oblongum_OldDetseeTN,Lasioglossum_oblongum_OldDetseeTN,f,7/16/03,4,pan,ForestRd
Lasioglossum,subviridatum,Lasioglossum_subviridatum,f,7/16/03,4,pan,ForestRd
Lasioglossum,oblongum_OldDetseeTN,Lasioglossum_oblongum_OldDetseeTN,f,7/16/03,4,pan,ForestRd
Lasioglossum,oblongum,Lasioglossum_oblongum,f,7/16/03,4,pan,ForestRd
Lasioglossum,subviridatum,Lasioglossum_subviridatum,f,7/16/03,4,pan,ForestRd
Lasioglossum,subviridatum,Lasioglossum_subviridatum,f,7/16/03,4,pan,ForestRd
Lasioglossum,oblongum_OldDetseeTN,Lasioglossum_oblongum_OldDetseeTN,f,7/16/03,4,pan,ForestRd
Lasioglossum,tegulare,Lasioglossum_tegulare,f,4/21/03,1,pan,ForestRd
Nomada,ovata,Nomada_ovata,f,4/21/03,1,pan,ForestRd
Nomada,lehighensis,Nomada_lehighensis,f,4/21/03,1,pan,ForestRd
Osmia,atriventris,Osmia_atriventris,m,4/21/03,1,pan,ForestRd
Osmia,atriventris,Osmia_atriventris,m,4/21/03,1,pan,ForestRd
Osmia,georgica,Osmia_georgica,m,4/21/03,1,pan,ForestRd
Osmia,pumila,Osmia_pumila,m,4/21/03,1,pan,ForestRd
Osmia,pumila,Osmia_pumila,m,4/21/03,1,pan,ForestRd
Osmia,pumila,Osmia_pumila,m,4/21/03,1,pan,ForestRd
Osmia,pumila,Osmia_pumila,m,4/21/03,1,pan,ForestRd
Osmia,pumila,Osmia_pumila,m,4/21/03,1,pan,ForestRd
Osmia,pumila,Osmia_pumila,m,4/21/03,1,pan,ForestRd
Osmia,pumila,Osmia_pumila,m,4/21/03,1,pan,ForestRd
Osmia,pumila,Osmia_pumila,m,4/21/03,1,pan,ForestRd
Osmia,sandhouseae,Osmia_sandhouseae,m,4/21/03,1,pan,ForestRd
Osmia,virga,Osmia_virga,f,4/25/03,1,net,ForestRd
Osmia,virga,Osmia_virga,f,5/21/03,2,pan,ForestRd
Osmia,virga,Osmia_virga,m,6/17/03,3,pan,ForestRd
Eucera,pruinosa,Eucera_pruinosa,u,7/16/03,4,pan,ForestRd
Andrena,cressonii,Andrena_cressonii,u,6/26/03,3,net,GlossySprungRd
Augochlorella,aurata,Augochlorella_aurata,f,4/17/03,1,pan,GlossySprungRd
Augochlorella,aurata,Augochlorella_aurata,f,4/17/03,1,pan,GlossySprungRd
Augochlorella,aurata,Augochlorella_aurata,f,6/7/03,2,net,GlossySprungRd
Augochlorella,aurata,Augochlorella_aurata,f,6/7/03,2,net,GlossySprungRd
Augochlorella,aurata,Augochlorella_aurata,f,6/18/03,3,pan,GlossySprungRd
Augochlorella,aurata,Augochlorella_aurata,f,6/18/03,3,pan,GlossySprungRd
Augochlorella,aurata,Augochlorella_aurata,f,6/18/03,3,pan,GlossySprungRd
Augochlorella,aurata,Augochlorella_aurata,f,7/22/03,4,pan,GlossySprungRd
Augochlorella,aurata,Augochlorella_aurata,f,7/22/03,4,pan,GlossySprungRd
Augochlorella,aurata,Augochlorella_aurata,f,7/22/03,4,pan,GlossySprungRd
Bombus,bimaculatus,Bombus_bimaculatus,f,6/7/03,2,net,GlossySprungRd
Bombus,bimaculatus,Bombus_bimaculatus,f,6/7/03,2,net,GlossySprungRd
Ceratina,calcarata,Ceratina_calcarata,m,4/17/03,1,pan,GlossySprungRd
Ceratina,calcarata,Ceratina_calcarata,m,4/17/03,1,pan,GlossySprungRd
Colletes,inaequalis,Colletes_inaequalis,f,4/28/03,1,net,GlossySprungRd
Habropoda,laboriosa,Habropoda_laboriosa,m,4/28/03,1,net,GlossySprungRd
Habropoda,laboriosa,Habropoda_laboriosa,f,6/7/03,2,net,GlossySprungRd
Lasioglossum,subviridatum,Lasioglossum_subviridatum,f,6/7/03,2,net,GlossySprungRd
Lasioglossum,bruneri,Lasioglossum_bruneri,f,7/22/03,4,pan,GlossySprungRd
Lasioglossum,bruneri,Lasioglossum_bruneri,f,7/22/03,4,pan,GlossySprungRd
Lasioglossum,bruneri,Lasioglossum_bruneri,f,7/22/03,4,pan,GlossySprungRd
Lasioglossum,illinoense,Lasioglossum_illinoense,f,7/22/03,4,pan,GlossySprungRd
Lasioglossum,macoupinense_OldDetseeTN,Lasioglossum_macoupinense_OldDetseeTN,f,6/7/03,2,net,GlossySprungRd
Lasioglossum,oblongum,Lasioglossum_oblongum,f,4/17/03,1,pan,GlossySprungRd
Lasioglossum,oblongum_OldDetseeTN,Lasioglossum_oblongum_OldDetseeTN,f,7/22/03,4,pan,GlossySprungRd
Lasioglossum,subviridatum,Lasioglossum_subviridatum,f,7/22/03,4,pan,GlossySprungRd
Lasioglossum,subviridatum,Lasioglossum_subviridatum,f,7/22/03,4,pan,GlossySprungRd
Lasioglossum,sopinci,Lasioglossum_sopinci,f,6/18/03,3,pan,GlossySprungRd
Lasioglossum,fuscipenne,Lasioglossum_fuscipenne,f,6/7/03,2,net,GlossySprungRd
Lasioglossum,leucozonium,Lasioglossum_leucozonium,u,7/22/03,4,pan,GlossySprungRd
Nomada,lehighensis,Nomada_lehighensis,f,4/28/03,1,net,GlossySprungRd
Osmia,inspergens,Osmia_inspergens,f,6/7/03,2,net,GlossySprungRd
Osmia,pumila,Osmia_pumila,f,5/20/03,2,pan,GlossySprungRd
Xylocopa,virginica,Xylocopa_virginica,m,8/15/03,4,net,GlossySprungRd
Andrena,carolina,Andrena_carolina,u,6/26/03,3,net,HomesteadFarm
Andrena,vicina,Andrena_vicina,u,4/28/03,1,net,HomesteadFarm
Bombus,bimaculatus,Bombus_bimaculatus,f,6/26/03,3,net,HomesteadFarm
Bombus,bimaculatus,Bombus_bimaculatus,m,6/26/03,3,net,HomesteadFarm
Bombus,bimaculatus,Bombus_bimaculatus,f,6/26/03,3,net,HomesteadFarm
Bombus,impatiens,Bombus_impatiens,f,6/26/03,3,net,HomesteadFarm
Bombus,impatiens,Bombus_impatiens,f,7/22/03,4,pan,HomesteadFarm
Bombus,vagans,Bombus_vagans,f,6/26/03,3,net,HomesteadFarm
Calliopsis,andreniformis,Calliopsis_andreniformis,m,6/26/03,3,net,HomesteadFarm
Ceratina,calcarata,Ceratina_calcarata,f,6/26/03,3,net,HomesteadFarm
Ceratina,calcarata,Ceratina_calcarata,f,8/15/03,4,net,HomesteadFarm
Ceratina,strenua,Ceratina_strenua,f,6/26/03,3,net,HomesteadFarm
Ceratina,strenua,Ceratina_strenua,f,7/22/03,4,pan,HomesteadFarm
Coelioxys,sayi,Coelioxys_sayi,m,6/26/03,3,net,HomesteadFarm
Colletes,validus,Colletes_validus,m,4/28/03,1,net,HomesteadFarm
Halictus,ligatus,Halictus_ligatus,f,7/22/03,4,pan,HomesteadFarm
Hoplitis,producta,Hoplitis_producta,m,5/28/03,2,pan,HomesteadFarm
Lasioglossum,pectorale,Lasioglossum_pectorale,f,7/22/03,4,pan,HomesteadFarm
Lasioglossum,pectorale,Lasioglossum_pectorale,f,8/15/03,4,net,HomesteadFarm
Lasioglossum,tegulare,Lasioglossum_tegulare,f,4/16/03,1,pan,HomesteadFarm
Lasioglossum,tegulare,Lasioglossum_tegulare,f,4/16/03,1,pan,HomesteadFarm
Lasioglossum,tegulare,Lasioglossum_tegulare,f,4/16/03,1,pan,HomesteadFarm
Lasioglossum,tegulare,Lasioglossum_tegulare,f,4/16/03,1,pan,HomesteadFarm
Lasioglossum,tegulare,Lasioglossum_tegulare,f,4/16/03,1,pan,HomesteadFarm
Lasioglossum,tegulare,Lasioglossum_tegulare,f,4/16/03,1,pan,HomesteadFarm
Lasioglossum,tegulare,Lasioglossum_tegulare,f,5/28/03,2,pan,HomesteadFarm
Lasioglossum,tegulare,Lasioglossum_tegulare,f,5/28/03,2,pan,HomesteadFarm
Lasioglossum,tegulare,Lasioglossum_tegulare,f,6/18/03,3,pan,HomesteadFarm
Lasioglossum,tegulare_OldDetseeTN,Lasioglossum_tegulare_OldDetseeTN,f,7/22/03,4,pan,HomesteadFarm
Lasioglossum,tegulare,Lasioglossum_tegulare,f,7/22/03,4,pan,HomesteadFarm
Lasioglossum,tegulare,Lasioglossum_tegulare,f,8/15/03,4,net,HomesteadFarm
Nomada,maculata,Nomada_maculata,m,5/28/03,2,pan,HomesteadFarm
Osmia,pumila,Osmia_pumila,m,4/16/03,1,pan,HomesteadFarm
Osmia,pumila,Osmia_pumila,m,4/16/03,1,pan,HomesteadFarm
Osmia,pumila,Osmia_pumila,m,4/16/03,1,pan,HomesteadFarm
Osmia,pumila,Osmia_pumila,f,5/28/03,2,pan,HomesteadFarm
Osmia,pumila,Osmia_pumila,f,5/28/03,2,pan,HomesteadFarm
Osmia,pumila,Osmia_pumila,f,7/22/03,4,pan,HomesteadFarm
Osmia,virga,Osmia_virga,m,4/16/03,1,pan,HomesteadFarm
Osmia,virga,Osmia_virga,m,4/16/03,1,pan,HomesteadFarm
Agapostemon,splendens,Agapostemon_splendens,f,8/13/03,4,pan,InskipRd
Agapostemon,splendens,Agapostemon_splendens,f,8/13/03,4,pan,InskipRd
Agapostemon,splendens,Agapostemon_splendens,f,8/13/03,4,pan,InskipRd
Andrena,carlini,Andrena_carlini,m,4/21/03,1,net,InskipRd
Andrena,carolina,Andrena_carolina,u,5/21/03,2,net,InskipRd
Andrena,carolina,Andrena_carolina,u,5/21/03,2,net,InskipRd
Augochlorella,aurata,Augochlorella_aurata,f,5/1/03,1,pan,InskipRd
Augochlorella,aurata,Augochlorella_aurata,f,6/7/03,2,pan,InskipRd
Augochlorella,aurata,Augochlorella_aurata,f,6/7/03,2,pan,InskipRd
Augochlorella,aurata,Augochlorella_aurata,f,6/7/03,2,pan,InskipRd
Augochlorella,aurata,Augochlorella_aurata,f,6/26/03,3,pan,InskipRd
Augochlorella,aurata,Augochlorella_aurata,f,6/26/03,3,pan,InskipRd
Augochlorella,aurata,Augochlorella_aurata,f,6/26/03,3,pan,InskipRd
Augochlorella,aurata,Augochlorella_aurata,f,6/26/03,3,pan,InskipRd
Augochlorella,aurata,Augochlorella_aurata,f,6/26/03,3,pan,InskipRd
Augochlorella,aurata,Augochlorella_aurata,m,7/22/03,4,net,InskipRd
Augochlorella,aurata,Augochlorella_aurata,f,8/13/03,4,pan,InskipRd
Augochlorella,aurata,Augochlorella_aurata,f,8/13/03,4,pan,InskipRd
Augochlorella,aurata,Augochlorella_aurata,f,8/13/03,4,pan,InskipRd
Augochlorella,aurata,Augochlorella_aurata,f,8/13/03,4,pan,InskipRd
Augochlorella,aurata,Augochlorella_aurata,f,8/13/03,4,pan,InskipRd
Augochlorella,aurata,Augochlorella_aurata,f,8/13/03,4,pan,InskipRd
Augochlorella,aurata,Augochlorella_aurata,f,8/13/03,4,pan,InskipRd
Bombus,bimaculatus,Bombus_bimaculatus,m,7/22/03,4,net,InskipRd
Bombus,bimaculatus,Bombus_bimaculatus,m,7/22/03,4,net,InskipRd
Bombus,bimaculatus,Bombus_bimaculatus,m,7/22/03,4,net,InskipRd
Bombus,impatiens,Bombus_impatiens,f,7/22/03,4,net,InskipRd
Bombus,perplexus,Bombus_perplexus,f,7/22/03,4,net,InskipRd
Calliopsis,andreniformis,Calliopsis_andreniformis,f,6/26/03,3,pan,InskipRd
Calliopsis,andreniformis,Calliopsis_andreniformis,f,6/26/03,3,pan,InskipRd
Lasioglossum,subviridatum,Lasioglossum_subviridatum,f,8/13/03,4,pan,InskipRd
Lasioglossum,subviridatum,Lasioglossum_subviridatum,f,5/1/03,1,pan,InskipRd
Lasioglossum,oblongum_OldDetseeTN,Lasioglossum_oblongum_OldDetseeTN,f,5/1/03,1,pan,InskipRd
Lasioglossum,subviridatum,Lasioglossum_subviridatum,f,5/21/03,2,net,InskipRd
Lasioglossum,oblongum_OldDetseeTN,Lasioglossum_oblongum_OldDetseeTN,f,6/7/03,2,pan,InskipRd
Lasioglossum,oblongum_OldDetseeTN,Lasioglossum_oblongum_OldDetseeTN,f,6/7/03,2,pan,InskipRd
Lasioglossum,oblongum,Lasioglossum_oblongum,f,8/13/03,4,pan,InskipRd
Lasioglossum,oblongum_OldDetseeTN,Lasioglossum_oblongum_OldDetseeTN,f,8/13/03,4,pan,InskipRd
Lasioglossum,subviridatum,Lasioglossum_subviridatum,f,6/7/03,2,pan,InskipRd
Lasioglossum,tegulare,Lasioglossum_tegulare,f,6/7/03,2,pan,InskipRd
Lasioglossum,fuscipenne,Lasioglossum_fuscipenne,f,6/18/03,3,net,InskipRd
Nomada,luteoloides,Nomada_luteoloides,m,5/1/03,1,pan,InskipRd
Nomada,maculata,Nomada_maculata,m,5/1/03,1,pan,InskipRd
Nomada,maculata,Nomada_maculata,m,5/1/03,1,pan,InskipRd
Osmia,sp,Osmia_sp,m,5/1/03,1,pan,InskipRd
Osmia,pumila,Osmia_pumila,f,6/7/03,2,pan,InskipRd
Osmia,pumila,Osmia_pumila,f,6/26/03,3,pan,InskipRd
Osmia,virga,Osmia_virga,f,5/21/03,2,net,InskipRd
Osmia,virga,Osmia_virga,f,6/7/03,2,pan,InskipRd
Andrena,bradleyi,Andrena_bradleyi,u,4/16/03,1,net,LocustAve
Andrena,bradleyi,Andrena_bradleyi,u,4/16/03,1,net,LocustAve
Andrena,bradleyi,Andrena_bradleyi,u,4/16/03,1,net,LocustAve
Andrena,bradleyi,Andrena_bradleyi,u,4/16/03,1,net,LocustAve
Andrena,bradleyi,Andrena_bradleyi,u,4/25/03,1,pan,LocustAve
Andrena,vicina,Andrena_vicina,u,5/20/03,2,net,LocustAve
Augochlorella,aurata,Augochlorella_aurata,f,5/20/03,2,net,LocustAve
Augochlorella,aurata,Augochlorella_aurata,f,5/20/03,2,net,LocustAve
Augochlorella,aurata,Augochlorella_aurata,f,5/20/03,2,net,LocustAve
Augochlorella,aurata,Augochlorella_aurata,f,5/20/03,2,net,LocustAve
Augochlorella,aurata,Augochlorella_aurata,f,5/20/03,2,net,LocustAve
Augochlorella,aurata,Augochlorella_aurata,f,6/7/03,2,pan,LocustAve
Augochlorella,aurata,Augochlorella_aurata,f,6/25/03,3,pan,LocustAve
Augochlorella,aurata,Augochlorella_aurata,f,6/25/03,3,pan,LocustAve
Augochlorella,aurata,Augochlorella_aurata,f,6/25/03,3,pan,LocustAve
Augochlorella,aurata,Augochlorella_aurata,f,7/27/03,4,pan,LocustAve
Bombus,citrinus,Bombus_citrinus,f,6/18/03,3,net,LocustAve
Calliopsis,andreniformis,Calliopsis_andreniformis,f,6/25/03,3,pan,LocustAve
Ceratina,calcarata,Ceratina_calcarata,f,6/7/03,2,pan,LocustAve
Colletes,inaequalis,Colletes_inaequalis,f,4/25/03,1,pan,LocustAve
Habropoda,laboriosa,Habropoda_laboriosa,f,4/25/03,1,pan,LocustAve
Habropoda,laboriosa,Habropoda_laboriosa,m,4/25/03,1,pan,LocustAve
Habropoda,laboriosa,Habropoda_laboriosa,f,4/25/03,1,pan,LocustAve
Habropoda,laboriosa,Habropoda_laboriosa,f,4/25/03,1,pan,LocustAve
Habropoda,laboriosa,Habropoda_laboriosa,f,4/25/03,1,pan,LocustAve
Habropoda,laboriosa,Habropoda_laboriosa,m,4/25/03,1,pan,LocustAve
Lasioglossum,timothyi,Lasioglossum_timothyi,f,6/25/03,3,pan,LocustAve
Lasioglossum,oblongum_OldDetseeTN,Lasioglossum_oblongum_OldDetseeTN,f,6/7/03,2,pan,LocustAve
Lasioglossum,oblongum_OldDetseeTN,Lasioglossum_oblongum_OldDetseeTN,f,7/18/03,4,net,LocustAve
Lasioglossum,subviridatum,Lasioglossum_subviridatum,f,7/18/03,4,net,LocustAve
Lasioglossum,subviridatum,Lasioglossum_subviridatum,f,7/18/03,4,net,LocustAve
Lasioglossum,oblongum,Lasioglossum_oblongum,f,7/27/03,4,pan,LocustAve
Lasioglossum,subviridatum,Lasioglossum_subviridatum,f,7/27/03,4,pan,LocustAve
Lasioglossum,oblongum_OldDetseeTN,Lasioglossum_oblongum_OldDetseeTN,f,7/27/03,4,pan,LocustAve
Lasioglossum,pectorale,Lasioglossum_pectorale,f,7/27/03,4,pan,LocustAve
Lasioglossum,subviridatum,Lasioglossum_subviridatum,f,7/27/03,4,pan,LocustAve
Lasioglossum,subviridatum,Lasioglossum_subviridatum,f,7/27/03,4,pan,LocustAve
Lasioglossum,tegulare,Lasioglossum_tegulare,f,4/25/03,1,pan,LocustAve
Lasioglossum,tegulare,Lasioglossum_tegulare,f,6/25/03,3,pan,LocustAve
Nomada,maculata,Nomada_maculata,m,5/20/03,2,net,LocustAve
Osmia,virga,Osmia_virga,m,4/25/03,1,pan,LocustAve
Sphecodes,confertus,Sphecodes_confertus,f,4/16/03,1,net,LocustAve
Sphecodes,confertus,Sphecodes_confertus,f,4/16/03,1,net,LocustAve
Sphecodes,confertus,Sphecodes_confertus,f,7/18/03,4,net,LocustAve
Sphecodes,mandibularis,Sphecodes_mandibularis,f,6/25/03,3,pan,LocustAve
Sphecodes,mandibularis,Sphecodes_mandibularis,f,7/18/03,4,net,LocustAve
Augochlora,pura,Augochlora_pura,f,6/7/03,2,net,off206
Augochlorella,aurata,Augochlorella_aurata,f,6/24/03,3,pan,off206
Augochlorella,aurata,Augochlorella_aurata,f,7/18/03,4,pan,off206
Augochlorella,aurata,Augochlorella_aurata,f,7/18/03,4,pan,off206
Augochlorella,aurata,Augochlorella_aurata,f,7/18/03,4,pan,off206
Augochlorella,aurata,Augochlorella_aurata,f,7/18/03,4,pan,off206
Augochlorella,aurata,Augochlorella_aurata,f,7/18/03,4,pan,off206
Augochlorella,aurata,Augochlorella_aurata,f,7/18/03,4,pan,off206
Bombus,bimaculatus,Bombus_bimaculatus,m,6/27/03,3,net,off206
Bombus,perplexus,Bombus_perplexus,f,6/27/03,3,net,off206
Bombus,vagans,Bombus_vagans,f,6/27/03,3,net,off206
Bombus,vagans,Bombus_vagans,f,6/27/03,3,net,off206
Bombus,vagans,Bombus_vagans,f,6/24/03,3,pan,off206
Bombus,citrinus,Bombus_citrinus,f,6/7/03,2,net,off206
Colletes,inaequalis,Colletes_inaequalis,f,4/25/03,1,net,off206
Colletes,inaequalis,Colletes_inaequalis,f,4/25/03,1,net,off206
Colletes,validus,Colletes_validus,f,4/25/03,1,net,off206
Hoplitis,truncata,Hoplitis_truncata,f,7/18/03,4,pan,off206
Lasioglossum,nymphale_OldDetseeTN,Lasioglossum_nymphale_OldDetseeTN,f,6/7/03,2,net,off206
Lasioglossum,oblongum_OldDetseeTN,Lasioglossum_oblongum_OldDetseeTN,f,7/18/03,4,pan,off206
Lasioglossum,fuscipenne,Lasioglossum_fuscipenne,f,6/7/03,2,net,off206
Agapostemon,splendens,Agapostemon_splendens,m,7/31/03,4,net,off530
Andrena,vicina,Andrena_vicina,u,5/31/03,2,net,off530
Bombus,bimaculatus,Bombus_bimaculatus,f,5/31/03,2,net,off530
Bombus,bimaculatus,Bombus_bimaculatus,f,5/31/03,2,net,off530
Bombus,bimaculatus,Bombus_bimaculatus,m,6/25/03,3,net,off530
Bombus,bimaculatus,Bombus_bimaculatus,m,7/31/03,4,net,off530
Bombus,impatiens,Bombus_impatiens,f,4/28/03,1,net,off530
Ceratina,calcarata,Ceratina_calcarata,f,7/18/03,4,pan,off530
Coelioxys,immaculata,Coelioxys_immaculata,f,6/25/03,3,net,off530
Coelioxys,immaculata,Coelioxys_immaculata,f,6/25/03,3,net,off530
Colletes,validus,Colletes_validus,f,4/28/03,1,net,off530
Halictus,confusus,Halictus_confusus,f,4/16/03,1,pan,off530
Halictus,ligatus,Halictus_ligatus,f,6/25/03,3,net,off530
Hoplitis,spoliata,Hoplitis_spoliata,m,5/21/03,2,pan,off530
Lasioglossum,georgeickworti,Lasioglossum_georgeickworti,f,4/16/03,1,pan,off530
Lasioglossum,georgeickworti,Lasioglossum_georgeickworti,f,4/16/03,1,pan,off530
Lasioglossum,georgeickworti,Lasioglossum_georgeickworti,f,4/16/03,1,pan,off530
Lasioglossum,georgeickworti,Lasioglossum_georgeickworti,f,5/31/03,2,net,off530
Lasioglossum,georgeickworti,Lasioglossum_georgeickworti,f,7/18/03,4,pan,off530
Lasioglossum,admirandum,Lasioglossum_admirandum,f,7/18/03,4,pan,off530
Lasioglossum,pilosum,Lasioglossum_pilosum,f,4/16/03,1,pan,off530
Lasioglossum,pilosum,Lasioglossum_pilosum,f,4/16/03,1,pan,off530
Lasioglossum,pilosum,Lasioglossum_pilosum,f,4/16/03,1,pan,off530
Lasioglossum,pilosum,Lasioglossum_pilosum,f,4/16/03,1,pan,off530
Lasioglossum,pilosum,Lasioglossum_pilosum,f,4/16/03,1,pan,off530
Lasioglossum,pilosum,Lasioglossum_pilosum,f,4/16/03,1,pan,off530
Lasioglossum,pilosum,Lasioglossum_pilosum,f,5/31/03,2,net,off530
Lasioglossum,pilosum,Lasioglossum_pilosum,f,5/21/03,2,pan,off530
Lasioglossum,pilosum,Lasioglossum_pilosum,f,5/21/03,2,pan,off530
Lasioglossum,sp_OldDetseeTN,Lasioglossum_sp_OldDetseeTN,m,7/18/03,4,pan,off530
Lasioglossum,tegulare,Lasioglossum_tegulare,f,4/16/03,1,pan,off530
Lasioglossum,tegulare,Lasioglossum_tegulare,f,4/16/03,1,pan,off530
Lasioglossum,tegulare,Lasioglossum_tegulare,f,5/21/03,2,pan,off530
Lasioglossum,tegulare,Lasioglossum_tegulare,f,5/21/03,2,pan,off530
Lasioglossum,tegulare,Lasioglossum_tegulare,f,5/21/03,2,pan,off530
Lasioglossum,tegulare,Lasioglossum_tegulare,f,6/18/03,3,pan,off530
Lasioglossum,acuminatum,Lasioglossum_acuminatum,f,6/18/03,3,pan,off530
Nomada,pygmaea,Nomada_pygmaea,m,5/21/03,2,pan,off530
Nomada,pygmaea,Nomada_pygmaea,m,6/18/03,3,pan,off530
Osmia,pumila,Osmia_pumila,m,4/16/03,1,pan,off530
Osmia,pumila,Osmia_pumila,f,5/21/03,2,pan,off530
Stelis,labiata,Stelis_labiata,m,6/18/03,3,pan,off530
Xylocopa,virginica,Xylocopa_virginica,f,5/31/03,2,net,off530
Xylocopa,virginica,Xylocopa_virginica,f,7/31/03,4,net,off530
Andrena,carlini,Andrena_carlini,u,4/25/03,1,pan,offAtsion
Andrena,miserabilis,Andrena_miserabilis,u,4/25/03,1,pan,offAtsion
Andrena,vicina,Andrena_vicina,u,4/25/03,1,pan,offAtsion
Andrena,vicina,Andrena_vicina,u,4/25/03,1,pan,offAtsion
Andrena,vicina,Andrena_vicina,u,5/20/03,2,net,offAtsion
Andrena,vicina,Andrena_vicina,u,6/25/03,3,pan,offAtsion
Augochlorella,aurata,Augochlorella_aurata,m,7/27/03,4,pan,offAtsion
Augochloropsis,metallica,Augochloropsis_metallica,f,6/25/03,3,pan,offAtsion
Ceratina,calcarata,Ceratina_calcarata,f,7/27/03,4,pan,offAtsion
Colletes,thoracicus,Colletes_thoracicus,m,6/7/03,2,pan,offAtsion
Colletes,thoracicus,Colletes_thoracicus,f,6/18/03,3,net,offAtsion
Lasioglossum,bruneri,Lasioglossum_bruneri,f,6/25/03,3,pan,offAtsion
Lasioglossum,oblongum,Lasioglossum_oblongum,f,6/25/03,3,pan,offAtsion
Lasioglossum,oblongum_OldDetseeTN,Lasioglossum_oblongum_OldDetseeTN,f,7/18/03,4,net,offAtsion
Lasioglossum,subviridatum,Lasioglossum_subviridatum,f,7/27/03,4,pan,offAtsion
Nomada,ovata,Nomada_ovata,f,4/25/03,1,pan,offAtsion
Sphecodes,aroniae,Sphecodes_aroniae,f,7/18/03,4,net,offAtsion
Andrena,bradleyi,Andrena_bradleyi,u,4/17/03,1,net,offJacksonRd
Andrena,bradleyi,Andrena_bradleyi,u,4/17/03,1,net,offJacksonRd
Andrena,bradleyi,Andrena_bradleyi,u,4/28/03,1,pan,offJacksonRd
Andrena,cornelli,Andrena_cornelli,u,6/18/03,3,net,offJacksonRd
Augochlorella,aurata,Augochlorella_aurata,f,4/28/03,1,pan,offJacksonRd
Augochlorella,aurata,Augochlorella_aurata,f,5/31/03,2,pan,offJacksonRd
Augochlorella,aurata,Augochlorella_aurata,f,5/31/03,2,pan,offJacksonRd
Augochlorella,aurata,Augochlorella_aurata,f,5/31/03,2,pan,offJacksonRd
Augochlorella,aurata,Augochlorella_aurata,f,6/25/03,3,pan,offJacksonRd
Augochlorella,aurata,Augochlorella_aurata,f,6/25/03,3,pan,offJacksonRd
Augochlorella,aurata,Augochlorella_aurata,f,6/25/03,3,pan,offJacksonRd
Augochlorella,aurata,Augochlorella_aurata,f,6/25/03,3,pan,offJacksonRd
Augochlorella,aurata,Augochlorella_aurata,f,7/27/03,4,pan,offJacksonRd
Augochlorella,aurata,Augochlorella_aurata,m,7/27/03,4,pan,offJacksonRd
Augochlorella,aurata,Augochlorella_aurata,f,7/27/03,4,pan,offJacksonRd
Bombus,bimaculatus,Bombus_bimaculatus,m,6/18/03,3,net,offJacksonRd
Bombus,vagans,Bombus_vagans,u,6/18/03,3,net,offJacksonRd
Colletes,inaequalis,Colletes_inaequalis,f,5/20/03,2,net,offJacksonRd
Colletes,inaequalis,Colletes_inaequalis,f,5/20/03,2,net,offJacksonRd
Colletes,inaequalis,Colletes_inaequalis,f,5/20/03,2,net,offJacksonRd
Colletes,validus,Colletes_validus,m,4/17/03,1,net,offJacksonRd
Colletes,validus,Colletes_validus,m,4/17/03,1,net,offJacksonRd
Colletes,validus,Colletes_validus,f,4/17/03,1,net,offJacksonRd
Colletes,validus,Colletes_validus,f,4/17/03,1,net,offJacksonRd
Colletes,validus,Colletes_validus,f,4/17/03,1,net,offJacksonRd
Colletes,validus,Colletes_validus,m,4/17/03,1,net,offJacksonRd
Colletes,validus,Colletes_validus,m,4/28/03,1,pan,offJacksonRd
Colletes,validus,Colletes_validus,f,5/20/03,2,net,offJacksonRd
Habropoda,laboriosa,Habropoda_laboriosa,m,4/28/03,1,pan,offJacksonRd
Habropoda,laboriosa,Habropoda_laboriosa,m,4/28/03,1,pan,offJacksonRd
Habropoda,laboriosa,Habropoda_laboriosa,f,4/28/03,1,pan,offJacksonRd
Habropoda,laboriosa,Habropoda_laboriosa,f,5/20/03,2,net,offJacksonRd
Habropoda,laboriosa,Habropoda_laboriosa,f,6/18/03,3,net,offJacksonRd
Habropoda,laboriosa,Habropoda_laboriosa,f,6/18/03,3,net,offJacksonRd
Lasioglossum,pectorale,Lasioglossum_pectorale,f,6/25/03,3,pan,offJacksonRd
Lasioglossum,subviridatum,Lasioglossum_subviridatum,f,4/28/03,1,pan,offJacksonRd
Lasioglossum,subviridatum,Lasioglossum_subviridatum,f,4/28/03,1,pan,offJacksonRd
Lasioglossum,fuscipenne,Lasioglossum_fuscipenne,f,6/18/03,3,net,offJacksonRd
Lasioglossum,fuscipenne,Lasioglossum_fuscipenne,f,6/18/03,3,net,offJacksonRd
Nomada,maculata,Nomada_maculata,m,4/28/03,1,pan,offJacksonRd
Nomada,maculata,Nomada_maculata,f,6/18/03,3,net,offJacksonRd
Nomada,lehighensis,Nomada_lehighensis,f,4/17/03,1,net,offJacksonRd
Osmia,pumila,Osmia_pumila,m,4/28/03,1,pan,offJacksonRd
Sphecodes,aroniae,Sphecodes_aroniae,m,5/20/03,2,net,offJacksonRd
Sphecodes,aroniae,Sphecodes_aroniae,m,5/20/03,2,net,offJacksonRd
Sphecodes,confertus,Sphecodes_confertus,f,4/17/03,1,net,offJacksonRd
Sphecodes,confertus,Sphecodes_confertus,f,4/17/03,1,net,offJacksonRd
Sphecodes,confertus,Sphecodes_confertus,f,4/17/03,1,net,offJacksonRd
Andrena,carolina,Andrena_carolina,u,5/21/03,2,net,offMossMill
Andrena,imitatrix,Andrena_imitatrix,u,5/21/03,2,net,offMossMill
Bombus,vagans,Bombus_vagans,f,7/22/03,4,net,offMossMill
Ceratina,strenua,Ceratina_strenua,f,6/26/03,3,pan,offMossMill
Colletes,thoracicus,Colletes_thoracicus,f,6/18/03,3,net,offMossMill
Lasioglossum,timothyi,Lasioglossum_timothyi,f,6/18/03,3,net,offMossMill
Lasioglossum,cressonii,Lasioglossum_cressonii,f,6/3/03,2,pan,offMossMill
Lasioglossum,vierecki,Lasioglossum_vierecki,f,6/26/03,3,pan,offMossMill
Nomada,pygmaea,Nomada_pygmaea,f,6/3/03,2,pan,offMossMill
Nomada,sayi,Nomada_sayi,f,6/3/03,2,pan,offMossMill
Andrena,bradleyi,Andrena_bradleyi,u,5/31/03,2,net,offMtMisery
Andrena,bradleyi,Andrena_bradleyi,u,5/31/03,2,net,offMtMisery
Andrena,bradleyi,Andrena_bradleyi,u,5/31/03,2,net,offMtMisery
Andrena,bradleyi,Andrena_bradleyi,u,5/31/03,2,net,offMtMisery
Bombus,citrinus,Bombus_citrinus,f,6/25/03,3,net,offMtMisery
Colletes,inaequalis,Colletes_inaequalis,f,4/25/03,1,net,offMtMisery
Colletes,inaequalis,Colletes_inaequalis,f,4/25/03,1,net,offMtMisery
Habropoda,laboriosa,Habropoda_laboriosa,m,4/25/03,1,net,offMtMisery
Habropoda,laboriosa,Habropoda_laboriosa,m,4/25/03,1,net,offMtMisery
Habropoda,laboriosa,Habropoda_laboriosa,m,4/25/03,1,net,offMtMisery
Habropoda,laboriosa,Habropoda_laboriosa,m,4/25/03,1,net,offMtMisery
Lasioglossum,timothyi,Lasioglossum_timothyi,f,5/31/03,2,net,offMtMisery
Lasioglossum,timothyi,Lasioglossum_timothyi,f,6/17/03,3,pan,offMtMisery
Lasioglossum,subviridatum,Lasioglossum_subviridatum,f,4/15/03,1,pan,offMtMisery
Lasioglossum,oblongum_OldDetseeTN,Lasioglossum_oblongum_OldDetseeTN,f,4/15/03,1,pan,offMtMisery
Lasioglossum,acuminatum,Lasioglossum_acuminatum,u,4/15/03,1,pan,offMtMisery
Lasioglossum,fuscipenne,Lasioglossum_fuscipenne,f,6/25/03,3,net,offMtMisery
Osmia,pumila,Osmia_pumila,f,5/20/03,2,pan,offMtMisery
Osmia,virga,Osmia_virga,m,4/15/03,1,pan,offMtMisery
Osmia,virga,Osmia_virga,m,4/15/03,1,pan,offMtMisery
Osmia,virga,Osmia_virga,m,4/15/03,1,pan,offMtMisery
Sphecodes,aroniae,Sphecodes_aroniae,f,6/25/03,3,net,offMtMisery
Andrena,bradleyi,Andrena_bradleyi,u,4/25/03,1,net,offQuakerBridgeRd
Andrena,bradleyi,Andrena_bradleyi,u,6/7/03,2,net,offQuakerBridgeRd
Andrena,bradleyi,Andrena_bradleyi,u,5/28/03,2,pan,offQuakerBridgeRd
Andrena,fenningeri,Andrena_fenningeri,u,4/25/03,1,net,offQuakerBridgeRd
Augochlorella,aurata,Augochlorella_aurata,f,7/18/03,4,pan,offQuakerBridgeRd
Bombus,bimaculatus,Bombus_bimaculatus,f,6/7/03,2,net,offQuakerBridgeRd
Bombus,citrinus,Bombus_citrinus,f,6/27/03,3,net,offQuakerBridgeRd
Ceratina,calcarata,Ceratina_calcarata,f,6/24/03,3,pan,offQuakerBridgeRd
Habropoda,laboriosa,Habropoda_laboriosa,m,4/25/03,1,net,offQuakerBridgeRd
Habropoda,laboriosa,Habropoda_laboriosa,f,6/7/03,2,net,offQuakerBridgeRd
Habropoda,laboriosa,Habropoda_laboriosa,f,6/7/03,2,net,offQuakerBridgeRd
Lasioglossum,bruneri,Lasioglossum_bruneri,f,6/24/03,3,pan,offQuakerBridgeRd
Lasioglossum,subviridatum,Lasioglossum_subviridatum,f,6/7/03,2,net,offQuakerBridgeRd
Lasioglossum,oblongum_OldDetseeTN,Lasioglossum_oblongum_OldDetseeTN,f,6/24/03,3,pan,offQuakerBridgeRd
Lasioglossum,oblongum_OldDetseeTN,Lasioglossum_oblongum_OldDetseeTN,f,6/24/03,3,pan,offQuakerBridgeRd
Lasioglossum,oblongum_OldDetseeTN,Lasioglossum_oblongum_OldDetseeTN,f,7/18/03,4,pan,offQuakerBridgeRd
Lasioglossum,oblongum_OldDetseeTN,Lasioglossum_oblongum_OldDetseeTN,f,7/18/03,4,pan,offQuakerBridgeRd
Lasioglossum,subviridatum,Lasioglossum_subviridatum,f,7/18/03,4,pan,offQuakerBridgeRd
Lasioglossum,oblongum_OldDetseeTN,Lasioglossum_oblongum_OldDetseeTN,f,7/18/03,4,pan,offQuakerBridgeRd
Lasioglossum,oblongum_OldDetseeTN,Lasioglossum_oblongum_OldDetseeTN,f,7/18/03,4,pan,offQuakerBridgeRd
Lasioglossum,subviridatum,Lasioglossum_subviridatum,f,7/18/03,4,pan,offQuakerBridgeRd
Nomada,lehighensis,Nomada_lehighensis,f,4/25/03,1,net,offQuakerBridgeRd
Osmia,pumila,Osmia_pumila,m,4/16/03,1,pan,offQuakerBridgeRd
Osmia,virga,Osmia_virga,m,4/16/03,1,pan,offQuakerBridgeRd
Sphecodes,confertus,Sphecodes_confertus,f,4/25/03,1,net,offQuakerBridgeRd
Agapostemon,texanus,Agapostemon_texanus,f,4/28/03,1,pan,OlsenSchool
Andrena,carlini,Andrena_carlini,u,4/28/03,1,pan,OlsenSchool
Andrena,carlini,Andrena_carlini,u,4/28/03,1,pan,OlsenSchool
Andrena,vicina,Andrena_vicina,u,4/28/03,1,pan,OlsenSchool
Bombus,impatiens,Bombus_impatiens,f,4/17/03,1,net,OlsenSchool
Calliopsis,andreniformis,Calliopsis_andreniformis,f,7/2/03,3,pan,OlsenSchool
Ceratina,calcarata,Ceratina_calcarata,m,5/31/03,2,pan,OlsenSchool
Ceratina,calcarata,Ceratina_calcarata,m,5/31/03,2,pan,OlsenSchool
Ceratina,calcarata,Ceratina_calcarata,f,6/24/03,3,net,OlsenSchool
Ceratina,calcarata,Ceratina_calcarata,f,6/24/03,3,net,OlsenSchool
Ceratina,calcarata,Ceratina_calcarata,f,7/2/03,3,pan,OlsenSchool
Ceratina,strenua,Ceratina_strenua,f,5/31/03,2,pan,OlsenSchool
Ceratina,strenua,Ceratina_strenua,m,5/31/03,2,pan,OlsenSchool
Habropoda,laboriosa,Habropoda_laboriosa,m,4/17/03,1,net,OlsenSchool
Habropoda,laboriosa,Habropoda_laboriosa,m,4/17/03,1,net,OlsenSchool
Habropoda,laboriosa,Habropoda_laboriosa,m,4/17/03,1,net,OlsenSchool
Habropoda,laboriosa,Habropoda_laboriosa,m,4/28/03,1,pan,OlsenSchool
Halictus,ligatus,Halictus_ligatus,f,5/31/03,2,pan,OlsenSchool
Halictus,ligatus,Halictus_ligatus,f,5/31/03,2,pan,OlsenSchool
Halictus,ligatus,Halictus_ligatus,f,5/31/03,2,pan,OlsenSchool
Halictus,ligatus,Halictus_ligatus,f,7/2/03,3,pan,OlsenSchool
Halictus,ligatus,Halictus_ligatus,f,7/27/03,4,pan,OlsenSchool
Halictus,ligatus,Halictus_ligatus,f,7/27/03,4,pan,OlsenSchool
Halictus,ligatus,Halictus_ligatus,f,7/27/03,4,pan,OlsenSchool
Halictus,ligatus,Halictus_ligatus,f,7/27/03,4,pan,OlsenSchool
Lasioglossum,illinoense,Lasioglossum_illinoense,f,4/28/03,1,pan,OlsenSchool
Lasioglossum,illinoense,Lasioglossum_illinoense,f,4/28/03,1,pan,OlsenSchool
Lasioglossum,illinoense,Lasioglossum_illinoense,f,4/28/03,1,pan,OlsenSchool
Lasioglossum,illinoense,Lasioglossum_illinoense,f,4/28/03,1,pan,OlsenSchool
Lasioglossum,illinoense,Lasioglossum_illinoense,f,4/28/03,1,pan,OlsenSchool
Lasioglossum,illinoense,Lasioglossum_illinoense,f,4/28/03,1,pan,OlsenSchool
Lasioglossum,illinoense,Lasioglossum_illinoense,f,4/28/03,1,pan,OlsenSchool
Lasioglossum,illinoense,Lasioglossum_illinoense,f,4/28/03,1,pan,OlsenSchool
Lasioglossum,illinoense,Lasioglossum_illinoense,f,4/28/03,1,pan,OlsenSchool
Lasioglossum,illinoense,Lasioglossum_illinoense,f,4/28/03,1,pan,OlsenSchool
Lasioglossum,illinoense,Lasioglossum_illinoense,f,4/28/03,1,pan,OlsenSchool
Lasioglossum,illinoense,Lasioglossum_illinoense,f,4/28/03,1,pan,OlsenSchool
Lasioglossum,illinoense,Lasioglossum_illinoense,f,4/28/03,1,pan,OlsenSchool
Lasioglossum,illinoense,Lasioglossum_illinoense,f,4/28/03,1,pan,OlsenSchool
Lasioglossum,illinoense,Lasioglossum_illinoense,f,4/28/03,1,pan,OlsenSchool
Lasioglossum,illinoense,Lasioglossum_illinoense,f,4/28/03,1,pan,OlsenSchool
Lasioglossum,illinoense,Lasioglossum_illinoense,f,4/28/03,1,pan,OlsenSchool
Lasioglossum,illinoense,Lasioglossum_illinoense,f,4/28/03,1,pan,OlsenSchool
Lasioglossum,illinoense,Lasioglossum_illinoense,f,4/28/03,1,pan,OlsenSchool
Lasioglossum,illinoense,Lasioglossum_illinoense,f,4/28/03,1,pan,OlsenSchool
Lasioglossum,illinoense,Lasioglossum_illinoense,f,4/28/03,1,pan,OlsenSchool
Lasioglossum,illinoense,Lasioglossum_illinoense,f,4/28/03,1,pan,OlsenSchool
Lasioglossum,illinoense,Lasioglossum_illinoense,f,4/28/03,1,pan,OlsenSchool
Lasioglossum,illinoense,Lasioglossum_illinoense,f,4/28/03,1,pan,OlsenSchool
Lasioglossum,illinoense,Lasioglossum_illinoense,f,4/28/03,1,pan,OlsenSchool
Lasioglossum,illinoense,Lasioglossum_illinoense,f,5/31/03,2,pan,OlsenSchool
Lasioglossum,illinoense,Lasioglossum_illinoense,f,5/31/03,2,pan,OlsenSchool
Lasioglossum,illinoense,Lasioglossum_illinoense,f,5/31/03,2,pan,OlsenSchool
Lasioglossum,illinoense,Lasioglossum_illinoense,f,5/31/03,2,pan,OlsenSchool
Lasioglossum,illinoense,Lasioglossum_illinoense,f,5/31/03,2,pan,OlsenSchool
Lasioglossum,illinoense,Lasioglossum_illinoense,f,5/31/03,2,pan,OlsenSchool
Lasioglossum,illinoense,Lasioglossum_illinoense,f,7/2/03,3,pan,OlsenSchool
Lasioglossum,illinoense,Lasioglossum_illinoense,f,7/27/03,4,pan,OlsenSchool
Lasioglossum,illinoense,Lasioglossum_illinoense,f,7/27/03,4,pan,OlsenSchool
Lasioglossum,illinoense,Lasioglossum_illinoense,f,7/27/03,4,pan,OlsenSchool
Lasioglossum,illinoense,Lasioglossum_illinoense,f,7/27/03,4,pan,OlsenSchool
Lasioglossum,illinoense,Lasioglossum_illinoense,f,7/27/03,4,pan,OlsenSchool
Lasioglossum,imitatum,Lasioglossum_imitatum,f,4/28/03,1,pan,OlsenSchool
Lasioglossum,imitatum,Lasioglossum_imitatum,f,7/2/03,3,pan,OlsenSchool
Lasioglossum,imitatum,Lasioglossum_imitatum,f,7/27/03,4,pan,OlsenSchool
Lasioglossum,pectorale,Lasioglossum_pectorale,f,6/24/03,3,net,OlsenSchool
Lasioglossum,pectorale,Lasioglossum_pectorale,f,7/2/03,3,pan,OlsenSchool
Lasioglossum,pectorale,Lasioglossum_pectorale,f,7/27/03,4,pan,OlsenSchool
Lasioglossum,pilosum,Lasioglossum_pilosum,f,4/28/03,1,pan,OlsenSchool
Lasioglossum,floridanum,Lasioglossum_floridanum,f,4/28/03,1,pan,OlsenSchool
Lasioglossum,floridanum,Lasioglossum_floridanum,f,4/28/03,1,pan,OlsenSchool
Lasioglossum,floridanum,Lasioglossum_floridanum,f,5/31/03,2,pan,OlsenSchool
Lasioglossum,pilosum,Lasioglossum_pilosum,f,5/31/03,2,pan,OlsenSchool
Lasioglossum,floridanum,Lasioglossum_floridanum,f,5/31/03,2,pan,OlsenSchool
Lasioglossum,floridanum,Lasioglossum_floridanum,f,7/2/03,3,pan,OlsenSchool
Lasioglossum,floridanum,Lasioglossum_floridanum,f,7/2/03,3,pan,OlsenSchool
Lasioglossum,pilosum,Lasioglossum_pilosum,f,7/2/03,3,pan,OlsenSchool
Lasioglossum,leucocomum,Lasioglossum_leucocomum,f,7/2/03,3,pan,OlsenSchool
Lasioglossum,leucocomum,Lasioglossum_leucocomum,f,7/2/03,3,pan,OlsenSchool
Lasioglossum,floridanum,Lasioglossum_floridanum,f,7/2/03,3,pan,OlsenSchool
Lasioglossum,floridanum,Lasioglossum_floridanum,f,7/2/03,3,pan,OlsenSchool
Lasioglossum,pilosum,Lasioglossum_pilosum,f,7/27/03,4,pan,OlsenSchool
Lasioglossum,tegulare,Lasioglossum_tegulare,f,4/28/03,1,pan,OlsenSchool
Lasioglossum,tegulare,Lasioglossum_tegulare,f,4/28/03,1,pan,OlsenSchool
Lasioglossum,tegulare,Lasioglossum_tegulare,f,4/28/03,1,pan,OlsenSchool
Lasioglossum,tegulare,Lasioglossum_tegulare,f,5/31/03,2,pan,OlsenSchool
Lasioglossum,tegulare,Lasioglossum_tegulare,f,5/31/03,2,pan,OlsenSchool
Lasioglossum,tegulare,Lasioglossum_tegulare,f,5/31/03,2,pan,OlsenSchool
Lasioglossum,tegulare,Lasioglossum_tegulare,f,5/31/03,2,pan,OlsenSchool
Lasioglossum,tegulare,Lasioglossum_tegulare,f,5/31/03,2,pan,OlsenSchool
Lasioglossum,tegulare,Lasioglossum_tegulare,f,5/31/03,2,pan,OlsenSchool
Lasioglossum,tegulare,Lasioglossum_tegulare,f,5/31/03,2,pan,OlsenSchool
Lasioglossum,tegulare,Lasioglossum_tegulare,f,7/27/03,4,pan,OlsenSchool
Lasioglossum,versatum_OldDetseeTN,Lasioglossum_versatum_OldDetseeTN,f,4/28/03,1,pan,OlsenSchool
Lasioglossum,vierecki,Lasioglossum_vierecki,f,5/31/03,2,pan,OlsenSchool
Lasioglossum,vierecki,Lasioglossum_vierecki,f,5/31/03,2,pan,OlsenSchool
Lasioglossum,vierecki,Lasioglossum_vierecki,f,5/31/03,2,pan,OlsenSchool
Lasioglossum,vierecki,Lasioglossum_vierecki,f,5/31/03,2,pan,OlsenSchool
Lasioglossum,vierecki,Lasioglossum_vierecki,f,5/31/03,2,pan,OlsenSchool
Lasioglossum,vierecki,Lasioglossum_vierecki,f,7/2/03,3,pan,OlsenSchool
Lasioglossum,vierecki,Lasioglossum_vierecki,f,7/27/03,4,pan,OlsenSchool
Lasioglossum,oenotherae,Lasioglossum_oenotherae,f,7/27/03,4,pan,OlsenSchool
Lasioglossum,leucozonium,Lasioglossum_leucozonium,f,5/31/03,2,pan,OlsenSchool
Lasioglossum,leucozonium,Lasioglossum_leucozonium,f,5/31/03,2,pan,OlsenSchool
Nomada,australis,Nomada_australis,m,5/31/03,2,pan,OlsenSchool
Nomada,cressonii,Nomada_cressonii,m,4/28/03,1,pan,OlsenSchool
Nomada,lepida,Nomada_lepida,m,4/28/03,1,pan,OlsenSchool
Nomada,ovata,Nomada_ovata,f,4/28/03,1,pan,OlsenSchool
Osmia,atriventris,Osmia_atriventris,f,5/31/03,2,pan,OlsenSchool
Osmia,pumila,Osmia_pumila,f,4/28/03,1,pan,OlsenSchool
Osmia,pumila,Osmia_pumila,m,4/28/03,1,pan,OlsenSchool
Osmia,pumila,Osmia_pumila,f,4/28/03,1,pan,OlsenSchool
Osmia,pumila,Osmia_pumila,m,4/28/03,1,pan,OlsenSchool
Osmia,pumila,Osmia_pumila,m,4/28/03,1,pan,OlsenSchool
Osmia,pumila,Osmia_pumila,f,5/31/03,2,pan,OlsenSchool
Osmia,pumila,Osmia_pumila,f,5/31/03,2,pan,OlsenSchool
Osmia,pumila,Osmia_pumila,f,5/31/03,2,pan,OlsenSchool
Osmia,pumila,Osmia_pumila,f,5/31/03,2,pan,OlsenSchool
Andrena,bradleyi,Andrena_bradleyi,u,4/25/03,1,pan,SenecaTrail
Andrena,carlini,Andrena_carlini,u,4/25/03,1,pan,SenecaTrail
Ceratina,calcarata,Ceratina_calcarata,m,6/25/03,3,pan,SenecaTrail
Ceratina,calcarata,Ceratina_calcarata,f,7/26/03,4,pan,SenecaTrail
Ceratina,calcarata,Ceratina_calcarata,f,7/26/03,4,pan,SenecaTrail
Ceratina,strenua,Ceratina_strenua,f,7/16/03,4,net,SenecaTrail
Ceratina,strenua,Ceratina_strenua,f,7/26/03,4,pan,SenecaTrail
Ceratina,strenua,Ceratina_strenua,f,7/26/03,4,pan,SenecaTrail
Ceratina,strenua,Ceratina_strenua,f,7/26/03,4,pan,SenecaTrail
Ceratina,strenua,Ceratina_strenua,f,7/26/03,4,pan,SenecaTrail
Ceratina,strenua,Ceratina_strenua,f,7/26/03,4,pan,SenecaTrail
Colletes,inaequalis,Colletes_inaequalis,f,4/25/03,1,pan,SenecaTrail
Habropoda,laboriosa,Habropoda_laboriosa,m,4/25/03,1,pan,SenecaTrail
Lasioglossum,ephialtum,Lasioglossum_ephialtum,f,7/16/03,4,net,SenecaTrail
Lasioglossum,ephialtum,Lasioglossum_ephialtum,f,7/26/03,4,pan,SenecaTrail
Lasioglossum,bruneri,Lasioglossum_bruneri,f,7/26/03,4,pan,SenecaTrail
Lasioglossum,bruneri,Lasioglossum_bruneri,f,7/26/03,4,pan,SenecaTrail
Lasioglossum,bruneri,Lasioglossum_bruneri,f,7/26/03,4,pan,SenecaTrail
Lasioglossum,illinoense,Lasioglossum_illinoense,f,5/31/03,2,pan,SenecaTrail
Lasioglossum,illinoense,Lasioglossum_illinoense,f,5/31/03,2,pan,SenecaTrail
Lasioglossum,illinoense,Lasioglossum_illinoense,f,5/31/03,2,pan,SenecaTrail
Lasioglossum,illinoense,Lasioglossum_illinoense,f,6/25/03,3,pan,SenecaTrail
Lasioglossum,illinoense,Lasioglossum_illinoense,f,7/26/03,4,pan,SenecaTrail
Lasioglossum,illinoense,Lasioglossum_illinoense,f,7/26/03,4,pan,SenecaTrail
Lasioglossum,illinoense,Lasioglossum_illinoense,f,7/26/03,4,pan,SenecaTrail
Lasioglossum,illinoense,Lasioglossum_illinoense,f,7/26/03,4,pan,SenecaTrail
Lasioglossum,illinoense,Lasioglossum_illinoense,f,7/26/03,4,pan,SenecaTrail
Lasioglossum,oblongum_OldDetseeTN,Lasioglossum_oblongum_OldDetseeTN,f,7/16/03,4,net,SenecaTrail
Lasioglossum,oblongum_OldDetseeTN,Lasioglossum_oblongum_OldDetseeTN,f,7/26/03,4,pan,SenecaTrail
Lasioglossum,pectorale,Lasioglossum_pectorale,m,7/16/03,4,net,SenecaTrail
Lasioglossum,pilosum,Lasioglossum_pilosum,f,7/26/03,4,pan,SenecaTrail
Lasioglossum,subviridatum,Lasioglossum_subviridatum,f,7/16/03,4,net,SenecaTrail
Lasioglossum,oenotherae,Lasioglossum_oenotherae,f,6/25/03,3,pan,SenecaTrail
Andrena,banksi,Andrena_banksi,u,5/31/03,2,pan,ShamongField
Augochlorella,aurata,Augochlorella_aurata,f,7/26/03,4,pan,ShamongField
Ceratina,strenua,Ceratina_strenua,m,4/17/03,1,net,ShamongField
Ceratina,strenua,Ceratina_strenua,f,5/31/03,2,pan,ShamongField
Habropoda,laboriosa,Habropoda_laboriosa,f,5/20/03,2,net,ShamongField
Lasioglossum,illinoense,Lasioglossum_illinoense,f,7/26/03,4,pan,ShamongField
Lasioglossum,bruneri,Lasioglossum_bruneri,f,7/26/03,4,pan,ShamongField
Lasioglossum,bruneri,Lasioglossum_bruneri,f,7/26/03,4,pan,ShamongField
Lasioglossum,illinoense,Lasioglossum_illinoense,f,5/31/03,2,pan,ShamongField
Lasioglossum,illinoense,Lasioglossum_illinoense,f,7/26/03,4,pan,ShamongField
Lasioglossum,pectorale,Lasioglossum_pectorale,f,4/17/03,1,pan,ShamongField
Lasioglossum,floridanum,Lasioglossum_floridanum,f,4/17/03,1,pan,ShamongField
Lasioglossum,pilosum,Lasioglossum_pilosum,f,5/31/03,2,pan,ShamongField
Lasioglossum,floridanum,Lasioglossum_floridanum,f,7/26/03,4,pan,ShamongField
Lasioglossum,tegulare,Lasioglossum_tegulare,f,4/17/03,1,pan,ShamongField
Lasioglossum,tegulare,Lasioglossum_tegulare,f,5/31/03,2,pan,ShamongField
Nomada,pygmaea,Nomada_pygmaea,f,5/20/03,2,net,ShamongField
Andrena,carlini,Andrena_carlini,u,5/28/03,2,pan,SouthGrand
Andrena,carolina,Andrena_carolina,u,6/7/03,2,net,SouthGrand
Andrena,carolina,Andrena_carolina,u,6/7/03,2,net,SouthGrand
Andrena,carolina,Andrena_carolina,u,6/7/03,2,net,SouthGrand
Andrena,vicina,Andrena_vicina,u,4/28/03,1,net,SouthGrand
Augochlora,pura,Augochlora_pura,f,7/22/03,4,pan,SouthGrand
Augochlora,pura,Augochlora_pura,m,8/15/03,4,net,SouthGrand
Augochlora,pura,Augochlora_pura,m,8/15/03,4,net,SouthGrand
Augochlora,pura,Augochlora_pura,f,8/15/03,4,net,SouthGrand
Augochlorella,aurata,Augochlorella_aurata,f,5/28/03,2,pan,SouthGrand
Bombus,griseocollis,Bombus_griseocollis,m,8/15/03,4,net,SouthGrand
Bombus,griseocollis,Bombus_griseocollis,m,8/15/03,4,net,SouthGrand
Bombus,impatiens,Bombus_impatiens,f,8/15/03,4,net,SouthGrand
Bombus,impatiens,Bombus_impatiens,f,8/15/03,4,net,SouthGrand
Bombus,impatiens,Bombus_impatiens,f,8/15/03,4,net,SouthGrand
Bombus,perplexus,Bombus_perplexus,f,6/7/03,2,net,SouthGrand
Bombus,perplexus,Bombus_perplexus,f,6/26/03,3,net,SouthGrand
Bombus,vagans,Bombus_vagans,f,6/26/03,3,net,SouthGrand
Bombus,vagans,Bombus_vagans,f,6/26/03,3,net,SouthGrand
Bombus,vagans,Bombus_vagans,m,8/15/03,4,net,SouthGrand
Bombus,citrinus,Bombus_citrinus,m,8/15/03,4,net,SouthGrand
Ceratina,sp,Ceratina_sp,f,7/22/03,4,pan,SouthGrand
Ceratina,calcarata,Ceratina_calcarata,f,8/15/03,4,net,SouthGrand
Chelostoma,philadelphi,Chelostoma_philadelphi,m,5/28/03,2,pan,SouthGrand
Colletes,inaequalis,Colletes_inaequalis,f,4/28/03,1,net,SouthGrand
Colletes,validus,Colletes_validus,f,4/28/03,1,net,SouthGrand
Habropoda,laboriosa,Habropoda_laboriosa,m,4/28/03,1,net,SouthGrand
Habropoda,laboriosa,Habropoda_laboriosa,f,6/7/03,2,net,SouthGrand
Halictus,ligatus,Halictus_ligatus,f,7/22/03,4,pan,SouthGrand
Lasioglossum,subviridatum,Lasioglossum_subviridatum,f,8/15/03,4,net,SouthGrand
Lasioglossum,ceanothi_seeTN,Lasioglossum_ceanothi_seeTN,f,8/15/03,4,net,SouthGrand
Lasioglossum,cressonii,Lasioglossum_cressonii,f,5/28/03,2,pan,SouthGrand
Lasioglossum,cressonii,Lasioglossum_cressonii,f,5/28/03,2,pan,SouthGrand
Lasioglossum,cressonii,Lasioglossum_cressonii,f,5/28/03,2,pan,SouthGrand
Lasioglossum,cressonii,Lasioglossum_cressonii,f,5/28/03,2,pan,SouthGrand
Lasioglossum,illinoense,Lasioglossum_illinoense,f,7/22/03,4,pan,SouthGrand
Lasioglossum,gotham,Lasioglossum_gotham,f,4/15/03,1,pan,SouthGrand
Lasioglossum,nymphale_OldDetseeTN,Lasioglossum_nymphale_OldDetseeTN,f,6/18/03,3,pan,SouthGrand
Lasioglossum,oblongum_OldDetseeTN,Lasioglossum_oblongum_OldDetseeTN,f,4/15/03,1,pan,SouthGrand
Lasioglossum,floridanum,Lasioglossum_floridanum,f,5/28/03,2,pan,SouthGrand
Lasioglossum,floridanum,Lasioglossum_floridanum,f,5/28/03,2,pan,SouthGrand
Lasioglossum,floridanum,Lasioglossum_floridanum,f,7/22/03,4,pan,SouthGrand
Lasioglossum,floridanum,Lasioglossum_floridanum,f,7/22/03,4,pan,SouthGrand
Lasioglossum,floridanum,Lasioglossum_floridanum,f,7/22/03,4,pan,SouthGrand
Lasioglossum,floridanum,Lasioglossum_floridanum,f,7/22/03,4,pan,SouthGrand
Lasioglossum,floridanum,Lasioglossum_floridanum,f,7/22/03,4,pan,SouthGrand
Lasioglossum,pilosum,Lasioglossum_pilosum,f,7/22/03,4,pan,SouthGrand
Lasioglossum,tegulare,Lasioglossum_tegulare,f,6/18/03,3,pan,SouthGrand
Lasioglossum,sopinci,Lasioglossum_sopinci,f,6/18/03,3,pan,SouthGrand
Lasioglossum,sopinci,Lasioglossum_sopinci,f,7/22/03,4,pan,SouthGrand
Lasioglossum,fuscipenne,Lasioglossum_fuscipenne,f,6/7/03,2,net,SouthGrand
Megachile,mendica,Megachile_mendica,m,8/15/03,4,net,SouthGrand
Nomada,cressonii,Nomada_cressonii,f,5/28/03,2,pan,SouthGrand
Nomada,maculata,Nomada_maculata,f,5/28/03,2,pan,SouthGrand
Osmia,atriventris,Osmia_atriventris,m,4/15/03,1,pan,SouthGrand
Osmia,pumila,Osmia_pumila,m,4/15/03,1,pan,SouthGrand
Osmia,pumila,Osmia_pumila,m,4/15/03,1,pan,SouthGrand
Osmia,virga,Osmia_virga,m,4/15/03,1,pan,SouthGrand
Osmia,virga,Osmia_virga,f,6/7/03,2,net,SouthGrand
Sphecodes,aroniae,Sphecodes_aroniae,f,6/7/03,2,net,SouthGrand
Sphecodes,aroniae,Sphecodes_aroniae,f,6/7/03,2,net,SouthGrand
Sphecodes,aroniae,Sphecodes_aroniae,f,6/7/03,2,net,SouthGrand
Sphecodes,aroniae,Sphecodes_aroniae,f,6/7/03,2,net,SouthGrand
Sphecodes,aroniae,Sphecodes_aroniae,f,6/26/03,3,net,SouthGrand
Sphecodes,aroniae,Sphecodes_aroniae,f,6/18/03,3,pan,SouthGrand
Xylocopa,virginica,Xylocopa_virginica,m,8/15/03,4,net,SouthGrand
Agapostemon,virescens,Agapostemon_virescens,f,5/21/03,2,pan,TinHouseRd
Andrena,atlantica,Andrena_atlantica,u,5/21/03,2,pan,TinHouseRd
Andrena,atlantica,Andrena_atlantica,u,5/21/03,2,pan,TinHouseRd
Andrena,atlantica,Andrena_atlantica,u,6/18/03,3,pan,TinHouseRd
Bombus,impatiens,Bombus_impatiens,f,4/29/03,1,net,TinHouseRd
Ceratina,calcarata,Ceratina_calcarata,f,5/31/03,2,net,TinHouseRd
Ceratina,calcarata,Ceratina_calcarata,f,5/21/03,2,pan,TinHouseRd
Ceratina,calcarata,Ceratina_calcarata,f,7/21/03,4,pan,TinHouseRd
Colletes,inaequalis,Colletes_inaequalis,f,4/29/03,1,net,TinHouseRd
Colletes,thoracicus,Colletes_thoracicus,m,5/31/03,2,net,TinHouseRd
Habropoda,laboriosa,Habropoda_laboriosa,f,4/29/03,1,net,TinHouseRd
Habropoda,laboriosa,Habropoda_laboriosa,f,6/25/03,3,net,TinHouseRd
Holcopasites,calliopsidis,Holcopasites_calliopsidis,u,7/21/03,4,pan,TinHouseRd
Lasioglossum,timothyi,Lasioglossum_timothyi,f,6/18/03,3,pan,TinHouseRd
Lasioglossum,timothyi,Lasioglossum_timothyi,f,6/18/03,3,pan,TinHouseRd
Lasioglossum,timothyi,Lasioglossum_timothyi,f,6/18/03,3,pan,TinHouseRd
Lasioglossum,cressonii,Lasioglossum_cressonii,f,5/21/03,2,pan,TinHouseRd
Lasioglossum,illinoense,Lasioglossum_illinoense,f,7/21/03,4,pan,TinHouseRd
Lasioglossum,subviridatum,Lasioglossum_subviridatum,f,7/21/03,4,pan,TinHouseRd
Lasioglossum,pectorale,Lasioglossum_pectorale,f,5/21/03,2,pan,TinHouseRd
Lasioglossum,pectorale,Lasioglossum_pectorale,f,5/21/03,2,pan,TinHouseRd
Lasioglossum,pectorale,Lasioglossum_pectorale,f,6/18/03,3,pan,TinHouseRd
Lasioglossum,pectorale,Lasioglossum_pectorale,f,7/21/03,4,pan,TinHouseRd
Lasioglossum,pectorale,Lasioglossum_pectorale,f,7/21/03,4,pan,TinHouseRd
Lasioglossum,pectorale,Lasioglossum_pectorale,f,7/21/03,4,pan,TinHouseRd
Lasioglossum,floridanum,Lasioglossum_floridanum,f,5/21/03,2,pan,TinHouseRd
Lasioglossum,pilosum,Lasioglossum_pilosum,f,7/21/03,4,pan,TinHouseRd
Lasioglossum,pilosum,Lasioglossum_pilosum,f,7/21/03,4,pan,TinHouseRd
Lasioglossum,floridanum,Lasioglossum_floridanum,f,7/21/03,4,pan,TinHouseRd
Lasioglossum,subviridatum,Lasioglossum_subviridatum,f,7/21/03,4,pan,TinHouseRd
Lasioglossum,tegulare,Lasioglossum_tegulare,f,6/18/03,3,pan,TinHouseRd
Lasioglossum,tegulare,Lasioglossum_tegulare,f,7/21/03,4,pan,TinHouseRd
Lasioglossum,oenotherae,Lasioglossum_oenotherae,f,6/18/03,3,pan,TinHouseRd
Lasioglossum,sopinci,Lasioglossum_sopinci,f,7/21/03,4,pan,TinHouseRd
Lasioglossum,sopinci,Lasioglossum_sopinci,f,6/18/03,3,pan,TinHouseRd
Lasioglossum,acuminatum,Lasioglossum_acuminatum,f,5/31/03,2,net,TinHouseRd
Lasioglossum,fuscipenne,Lasioglossum_fuscipenne,f,5/31/03,2,net,TinHouseRd
Lasioglossum,fuscipenne,Lasioglossum_fuscipenne,f,5/31/03,2,net,TinHouseRd
Lasioglossum,leucozonium,Lasioglossum_leucozonium,u,7/21/03,4,pan,TinHouseRd
Nomada,articulata,Nomada_articulata,m,5/31/03,2,net,TinHouseRd
Nomada,australis,Nomada_australis,m,5/31/03,2,net,TinHouseRd
Osmia,atriventris,Osmia_atriventris,f,5/21/03,2,pan,TinHouseRd
Osmia,distincta,Osmia_distincta,m,5/21/03,2,pan,TinHouseRd
Osmia,pumila,Osmia_pumila,f,4/17/03,1,pan,TinHouseRd
Osmia,pumila,Osmia_pumila,m,5/21/03,2,pan,TinHouseRd
Osmia,pumila,Osmia_pumila,f,5/21/03,2,pan,TinHouseRd
Osmia,virga,Osmia_virga,f,4/17/03,1,pan,TinHouseRd
Osmia,virga,Osmia_virga,f,4/17/03,1,pan,TinHouseRd
Osmia,virga,Osmia_virga,m,4/17/03,1,pan,TinHouseRd
Osmia,virga,Osmia_virga,m,4/17/03,1,pan,TinHouseRd
Osmia,virga,Osmia_virga,f,5/21/03,2,pan,TinHouseRd
Xylocopa,virginica,Xylocopa_virginica,f,5/31/03,2,net,TinHouseRd
Andrena,bradleyi,Andrena_bradleyi,u,5/28/03,2,net,UpperMillRdW
Andrena,carlini,Andrena_carlini,u,5/28/03,2,net,UpperMillRdW
Andrena,carolina,Andrena_carolina,u,5/28/03,2,net,UpperMillRdW
Bombus,impatiens,Bombus_impatiens,f,5/28/03,2,net,UpperMillRdW
Ceratina,calcarata,Ceratina_calcarata,m,4/17/03,1,pan,UpperMillRdW
Colletes,validus,Colletes_validus,m,4/29/03,1,net,UpperMillRdW
Habropoda,laboriosa,Habropoda_laboriosa,f,5/28/03,2,net,UpperMillRdW
Lasioglossum,subviridatum,Lasioglossum_subviridatum,f,7/16/03,4,pan,UpperMillRdW
Lasioglossum,subviridatum,Lasioglossum_subviridatum,f,4/17/03,1,pan,UpperMillRdW
Lasioglossum,oblongum_OldDetseeTN,Lasioglossum_oblongum_OldDetseeTN,f,4/17/03,1,pan,UpperMillRdW
Lasioglossum,oblongum,Lasioglossum_oblongum,f,4/17/03,1,pan,UpperMillRdW
Lasioglossum,subviridatum,Lasioglossum_subviridatum,f,4/17/03,1,pan,UpperMillRdW
Lasioglossum,oblongum_OldDetseeTN,Lasioglossum_oblongum_OldDetseeTN,f,7/16/03,4,pan,UpperMillRdW
Lasioglossum,oblongum_OldDetseeTN,Lasioglossum_oblongum_OldDetseeTN,f,7/16/03,4,pan,UpperMillRdW
Lasioglossum,oblongum_OldDetseeTN,Lasioglossum_oblongum_OldDetseeTN,f,7/16/03,4,pan,UpperMillRdW
Lasioglossum,floridanum,Lasioglossum_floridanum,f,4/17/03,1,pan,UpperMillRdW
Lasioglossum,subviridatum,Lasioglossum_subviridatum,f,7/16/03,4,pan,UpperMillRdW
Lasioglossum,subviridatum,Lasioglossum_subviridatum,f,7/16/03,4,pan,UpperMillRdW
Lasioglossum,subviridatum,Lasioglossum_subviridatum,f,7/16/03,4,pan,UpperMillRdW
Nomada,lepida,Nomada_lepida,m,4/29/03,1,net,UpperMillRdW
Nomada,maculata,Nomada_maculata,m,5/28/03,2,net,UpperMillRdW
Osmia,virga,Osmia_virga,m,4/17/03,1,pan,UpperMillRdW
Osmia,virga,Osmia_virga,m,4/17/03,1,pan,UpperMillRdW
Osmia,virga,Osmia_virga,m,4/17/03,1,pan,UpperMillRdW
Osmia,virga,Osmia_virga,m,4/17/03,1,pan,UpperMillRdW
Osmia,virga,Osmia_virga,m,4/17/03,1,pan,UpperMillRdW
Osmia,virga,Osmia_virga,m,4/17/03,1,pan,UpperMillRdW
Xylocopa,virginica,Xylocopa_virginica,m,5/28/03,2,net,UpperMillRdW
Andrena,atlantica,Andrena_atlantica,u,6/3/03,2,pan,Walker
Andrena,atlantica,Andrena_atlantica,u,6/3/03,2,pan,Walker
Andrena,atlantica,Andrena_atlantica,u,6/3/03,2,pan,Walker
Andrena,atlantica,Andrena_atlantica,u,6/3/03,2,pan,Walker
Andrena,atlantica,Andrena_atlantica,u,6/3/03,2,pan,Walker
Andrena,banksi,Andrena_banksi,u,6/3/03,2,pan,Walker
Andrena,banksi,Andrena_banksi,u,6/3/03,2,pan,Walker
Andrena,banksi,Andrena_banksi,u,6/3/03,2,pan,Walker
Andrena,carlini,Andrena_carlini,u,6/3/03,2,pan,Walker
Andrena,carolina,Andrena_carolina,u,6/24/03,3,net,Walker
Andrena,cornelli,Andrena_cornelli,u,6/24/03,3,net,Walker
Andrena,cornelli,Andrena_cornelli,u,6/24/03,3,net,Walker
Andrena,cornelli,Andrena_cornelli,u,6/24/03,3,net,Walker
Andrena,cornelli,Andrena_cornelli,u,6/24/03,3,net,Walker
Andrena,miserabilis,Andrena_miserabilis,u,4/28/03,1,pan,Walker
Anthidiellum,notatum,Anthidiellum_notatum,m,7/21/03,4,net,Walker
Anthidiellum,notatum,Anthidiellum_notatum,m,7/21/03,4,net,Walker
Augochlora,pura,Augochlora_pura,f,6/24/03,3,net,Walker
Augochlorella,aurata,Augochlorella_aurata,f,7/2/03,3,pan,Walker
Bombus,impatiens,Bombus_impatiens,f,7/2/03,3,pan,Walker
Bombus,vagans,Bombus_vagans,f,6/24/03,3,net,Walker
Bombus,vagans,Bombus_vagans,f,6/24/03,3,net,Walker
Bombus,vagans,Bombus_vagans,f,6/24/03,3,net,Walker
Bombus,vagans,Bombus_vagans,f,6/24/03,3,net,Walker
Bombus,vagans,Bombus_vagans,f,6/24/03,3,net,Walker
Ceratina,calcarata,Ceratina_calcarata,f,8/13/03,4,pan,Walker
Colletes,validus,Colletes_validus,f,4/28/03,1,pan,Walker
Hoplitis,spoliata,Hoplitis_spoliata,f,7/2/03,3,pan,Walker
Hylaeus,affinis_modestus,Hylaeus_affinis_modestus,f,6/3/03,2,pan,Walker
Hylaeus,affinis_modestus,Hylaeus_affinis_modestus,f,6/3/03,2,pan,Walker
Hylaeus,affinis_modestus,Hylaeus_affinis_modestus,f,6/3/03,2,pan,Walker
Hylaeus,affinis_modestus,Hylaeus_affinis_modestus,m,6/3/03,2,pan,Walker
Hylaeus,affinis_modestus,Hylaeus_affinis_modestus,m,6/3/03,2,pan,Walker
Lasioglossum,imitatum,Lasioglossum_imitatum,f,7/2/03,3,pan,Walker
Lasioglossum,subviridatum,Lasioglossum_subviridatum,f,7/2/03,3,pan,Walker
Lasioglossum,pectorale,Lasioglossum_pectorale,f,7/2/03,3,pan,Walker
Lasioglossum,pilosum,Lasioglossum_pilosum,f,6/3/03,2,pan,Walker
Lasioglossum,tegulare,Lasioglossum_tegulare,f,4/28/03,1,pan,Walker
Lasioglossum,tegulare,Lasioglossum_tegulare,f,4/28/03,1,pan,Walker
Lasioglossum,fuscipenne,Lasioglossum_fuscipenne,f,4/15/03,1,net,Walker
Lasioglossum,fuscipenne,Lasioglossum_fuscipenne,f,6/24/03,3,net,Walker
Lasioglossum,fuscipenne,Lasioglossum_fuscipenne,f,6/24/03,3,net,Walker
Lasioglossum,fuscipenne,Lasioglossum_fuscipenne,f,6/24/03,3,net,Walker
Lasioglossum,leucozonium,Lasioglossum_leucozonium,f,6/3/03,2,pan,Walker
Megachile,campanulae,Megachile_campanulae,f,7/21/03,4,net,Walker
Megachile,campanulae,Megachile_campanulae,m,7/21/03,4,net,Walker
Megachile,campanulae,Megachile_campanulae,m,7/21/03,4,net,Walker
Megachile,exilis,Megachile_exilis,f,7/21/03,4,net,Walker
Megachile,exilis,Megachile_exilis,f,7/21/03,4,net,Walker
Megachile,exilis,Megachile_exilis,m,7/21/03,4,net,Walker
Megachile,exilis,Megachile_exilis,f,7/21/03,4,net,Walker
Megachile,exilis,Megachile_exilis,f,7/21/03,4,net,Walker
Megachile,mendica,Megachile_mendica,f,7/2/03,3,pan,Walker
Nomada,luteola,Nomada_luteola,m,6/3/03,2,pan,Walker
Nomada,maculata,Nomada_maculata,m,4/28/03,1,pan,Walker
Nomada,maculata,Nomada_maculata,f,4/28/03,1,pan,Walker
Nomada,maculata,Nomada_maculata,f,4/28/03,1,pan,Walker
Nomada,ovata,Nomada_ovata,f,6/3/03,2,pan,Walker
Osmia,pumila,Osmia_pumila,f,4/28/03,1,pan,Walker
Osmia,pumila,Osmia_pumila,f,4/28/03,1,pan,Walker
Osmia,pumila,Osmia_pumila,m,4/28/03,1,pan,Walker
Osmia,pumila,Osmia_pumila,m,4/28/03,1,pan,Walker
Osmia,pumila,Osmia_pumila,m,4/28/03,1,pan,Walker
Osmia,pumila,Osmia_pumila,m,4/28/03,1,pan,Walker
Osmia,pumila,Osmia_pumila,m,4/28/03,1,pan,Walker
Osmia,pumila,Osmia_pumila,f,7/2/03,3,pan,Walker
Sphecodes,aroniae,Sphecodes_aroniae,f,6/24/03,3,net,Walker
Xylocopa,virginica,Xylocopa_virginica,f,6/24/03,3,net,Walker
Augochlorella,aurata,Augochlorella_aurata,f,6/17/03,3,pan,WhitesbogRd
Augochlorella,aurata,Augochlorella_aurata,f,7/18/03,4,pan,WhitesbogRd
Augochlorella,aurata,Augochlorella_aurata,f,7/18/03,4,pan,WhitesbogRd
Augochlorella,aurata,Augochlorella_aurata,f,7/18/03,4,pan,WhitesbogRd
Ceratina,calcarata,Ceratina_calcarata,f,7/18/03,4,pan,WhitesbogRd
Chelostoma,philadelphi,Chelostoma_philadelphi,m,6/17/03,3,pan,WhitesbogRd
Colletes,bradleyi,Colletes_bradleyi,f,6/17/03,3,pan,WhitesbogRd
Habropoda,laboriosa,Habropoda_laboriosa,f,4/30/03,1,net,WhitesbogRd
Habropoda,laboriosa,Habropoda_laboriosa,m,4/30/03,1,net,WhitesbogRd
Habropoda,laboriosa,Habropoda_laboriosa,m,4/30/03,1,net,WhitesbogRd
Habropoda,laboriosa,Habropoda_laboriosa,m,4/30/03,1,net,WhitesbogRd
Habropoda,laboriosa,Habropoda_laboriosa,m,4/30/03,1,net,WhitesbogRd
Habropoda,laboriosa,Habropoda_laboriosa,m,4/30/03,1,net,WhitesbogRd
Habropoda,laboriosa,Habropoda_laboriosa,m,4/30/03,1,net,WhitesbogRd
Habropoda,laboriosa,Habropoda_laboriosa,m,4/21/03,1,pan,WhitesbogRd
Lasioglossum,ceanothi_seeTN,Lasioglossum_ceanothi_seeTN,f,7/18/03,4,pan,WhitesbogRd
Lasioglossum,subviridatum,Lasioglossum_subviridatum,f,7/18/03,4,pan,WhitesbogRd
Lasioglossum,subviridatum,Lasioglossum_subviridatum,f,7/18/03,4,pan,WhitesbogRd
Lasioglossum,subviridatum,Lasioglossum_subviridatum,f,7/18/03,4,pan,WhitesbogRd
Lasioglossum,oblongum_OldDetseeTN,Lasioglossum_oblongum_OldDetseeTN,f,7/18/03,4,pan,WhitesbogRd
Lasioglossum,oblongum_OldDetseeTN,Lasioglossum_oblongum_OldDetseeTN,f,7/18/03,4,pan,WhitesbogRd
Lasioglossum,subviridatum,Lasioglossum_subviridatum,f,7/18/03,4,pan,WhitesbogRd
Lasioglossum,nelumbonis,Lasioglossum_nelumbonis,f,5/21/03,2,pan,WhitesbogRd
Lasioglossum,acuminatum,Lasioglossum_acuminatum,f,6/17/03,3,pan,WhitesbogRd
Perdita,bradleyi,Perdita_bradleyi,f,6/17/03,3,pan,WhitesbogRd
Sphecodes,confertus,Sphecodes_confertus,f,4/30/03,1,net,WhitesbogRd
Agapostemon,texanus,Agapostemon_texanus,f,5/20/03,2,pan,ButtersworthBogsRd
Agapostemon,virescens,Agapostemon_virescens,f,5/20/03,2,pan,ButtersworthBogsRd
Agapostemon,virescens,Agapostemon_virescens,f,5/20/03,2,pan,ButtersworthBogsRd
Agapostemon,virescens,Agapostemon_virescens,f,5/20/03,2,pan,ButtersworthBogsRd
Agapostemon,virescens,Agapostemon_virescens,f,6/17/03,3,pan,ButtersworthBogsRd
Agapostemon,virescens,Agapostemon_virescens,f,6/17/03,3,pan,ButtersworthBogsRd
Agapostemon,virescens,Agapostemon_virescens,f,7/16/03,4,pan,ButtersworthBogsRd
Andrena,banksi,Andrena_banksi,u,5/20/03,2,pan,ButtersworthBogsRd
Andrena,cornelli,Andrena_cornelli,u,6/25/03,3,net,ButtersworthBogsRd
Augochlorella,aurata,Augochlorella_aurata,f,5/20/03,2,pan,ButtersworthBogsRd
Bombus,citrinus,Bombus_citrinus,f,6/25/03,3,net,ButtersworthBogsRd
Bombus,citrinus,Bombus_citrinus,f,6/25/03,3,net,ButtersworthBogsRd
Calliopsis,andreniformis,Calliopsis_andreniformis,f,6/17/03,3,pan,ButtersworthBogsRd
Calliopsis,andreniformis,Calliopsis_andreniformis,m,6/17/03,3,pan,ButtersworthBogsRd
Calliopsis,andreniformis,Calliopsis_andreniformis,m,6/17/03,3,pan,ButtersworthBogsRd
Calliopsis,andreniformis,Calliopsis_andreniformis,f,7/16/03,4,pan,ButtersworthBogsRd
Ceratina,calcarata,Ceratina_calcarata,m,4/16/03,1,pan,ButtersworthBogsRd
Habropoda,laboriosa,Habropoda_laboriosa,f,4/29/03,1,net,ButtersworthBogsRd
Halictus,confusus,Halictus_confusus,f,5/20/03,2,pan,ButtersworthBogsRd
Halictus,confusus,Halictus_confusus,f,5/20/03,2,pan,ButtersworthBogsRd
Halictus,confusus,Halictus_confusus,f,5/20/03,2,pan,ButtersworthBogsRd
Halictus,confusus,Halictus_confusus,f,5/20/03,2,pan,ButtersworthBogsRd
Halictus,confusus,Halictus_confusus,f,5/20/03,2,pan,ButtersworthBogsRd
Halictus,confusus,Halictus_confusus,f,5/20/03,2,pan,ButtersworthBogsRd
Halictus,ligatus,Halictus_ligatus,f,5/20/03,2,pan,ButtersworthBogsRd
Halictus,ligatus,Halictus_ligatus,f,6/17/03,3,pan,ButtersworthBogsRd
Halictus,ligatus,Halictus_ligatus,f,6/17/03,3,pan,ButtersworthBogsRd
Halictus,ligatus,Halictus_ligatus,f,6/17/03,3,pan,ButtersworthBogsRd
Halictus,ligatus,Halictus_ligatus,f,6/17/03,3,pan,ButtersworthBogsRd
Halictus,ligatus,Halictus_ligatus,f,6/17/03,3,pan,ButtersworthBogsRd
Halictus,ligatus,Halictus_ligatus,f,6/17/03,3,pan,ButtersworthBogsRd
Halictus,ligatus,Halictus_ligatus,f,7/16/03,4,pan,ButtersworthBogsRd
Halictus,ligatus,Halictus_ligatus,f,7/16/03,4,pan,ButtersworthBogsRd
Halictus,ligatus,Halictus_ligatus,f,7/16/03,4,pan,ButtersworthBogsRd
Halictus,ligatus,Halictus_ligatus,f,7/16/03,4,pan,ButtersworthBogsRd
Halictus,ligatus,Halictus_ligatus,f,7/16/03,4,pan,ButtersworthBogsRd
Lasioglossum,timothyi,Lasioglossum_timothyi,f,5/20/03,2,pan,ButtersworthBogsRd
Lasioglossum,versatum,Lasioglossum_versatum,f,7/16/03,4,pan,ButtersworthBogsRd
Lasioglossum,versatum,Lasioglossum_versatum,f,7/16/03,4,pan,ButtersworthBogsRd
Lasioglossum,coeruleum,Lasioglossum_coeruleum,f,4/16/03,1,pan,ButtersworthBogsRd
Lasioglossum,coreopsis,Lasioglossum_coreopsis,f,5/20/03,2,pan,ButtersworthBogsRd
Lasioglossum,illinoense,Lasioglossum_illinoense,f,7/16/03,4,pan,ButtersworthBogsRd
Lasioglossum,pectorale,Lasioglossum_pectorale,f,5/20/03,2,pan,ButtersworthBogsRd
Lasioglossum,pectorale,Lasioglossum_pectorale,f,5/20/03,2,pan,ButtersworthBogsRd
Lasioglossum,pectorale,Lasioglossum_pectorale,f,6/17/03,3,pan,ButtersworthBogsRd
Lasioglossum,pectorale,Lasioglossum_pectorale,f,6/17/03,3,pan,ButtersworthBogsRd
Lasioglossum,pectorale,Lasioglossum_pectorale,f,6/17/03,3,pan,ButtersworthBogsRd
Lasioglossum,pectorale,Lasioglossum_pectorale,f,6/17/03,3,pan,ButtersworthBogsRd
Lasioglossum,pectorale,Lasioglossum_pectorale,f,6/17/03,3,pan,ButtersworthBogsRd
Lasioglossum,pectorale,Lasioglossum_pectorale,f,6/17/03,3,pan,ButtersworthBogsRd
Lasioglossum,pectorale,Lasioglossum_pectorale,f,7/16/03,4,pan,ButtersworthBogsRd
Lasioglossum,pectorale,Lasioglossum_pectorale,f,7/16/03,4,pan,ButtersworthBogsRd
Lasioglossum,pectorale,Lasioglossum_pectorale,f,7/16/03,4,pan,ButtersworthBogsRd
Lasioglossum,pilosum,Lasioglossum_pilosum,f,5/20/03,2,pan,ButtersworthBogsRd
Lasioglossum,pilosum,Lasioglossum_pilosum,f,5/20/03,2,pan,ButtersworthBogsRd
Lasioglossum,pilosum,Lasioglossum_pilosum,f,5/20/03,2,pan,ButtersworthBogsRd
Lasioglossum,pilosum,Lasioglossum_pilosum,f,5/20/03,2,pan,ButtersworthBogsRd
Lasioglossum,pilosum,Lasioglossum_pilosum,f,5/20/03,2,pan,ButtersworthBogsRd
Lasioglossum,pilosum,Lasioglossum_pilosum,f,5/20/03,2,pan,ButtersworthBogsRd
Lasioglossum,leucocomum,Lasioglossum_leucocomum,f,5/20/03,2,pan,ButtersworthBogsRd
Lasioglossum,pilosum,Lasioglossum_pilosum,f,5/20/03,2,pan,ButtersworthBogsRd
Lasioglossum,pilosum,Lasioglossum_pilosum,f,6/17/03,3,pan,ButtersworthBogsRd
Lasioglossum,pilosum,Lasioglossum_pilosum,f,6/17/03,3,pan,ButtersworthBogsRd
Lasioglossum,pilosum,Lasioglossum_pilosum,f,6/17/03,3,pan,ButtersworthBogsRd
Lasioglossum,pilosum,Lasioglossum_pilosum,f,7/16/03,4,pan,ButtersworthBogsRd
Lasioglossum,pilosum,Lasioglossum_pilosum,f,7/16/03,4,pan,ButtersworthBogsRd
Lasioglossum,pilosum,Lasioglossum_pilosum,f,7/16/03,4,pan,ButtersworthBogsRd
Lasioglossum,pilosum,Lasioglossum_pilosum,f,7/16/03,4,pan,ButtersworthBogsRd
Lasioglossum,rohweri_OldDetseeTN,Lasioglossum_rohweri_OldDetseeTN,f,6/17/03,3,pan,ButtersworthBogsRd
Lasioglossum,rohweri_OldDetseeTN,Lasioglossum_rohweri_OldDetseeTN,f,7/16/03,4,pan,ButtersworthBogsRd
Lasioglossum,tegulare,Lasioglossum_tegulare,f,4/16/03,1,pan,ButtersworthBogsRd
Lasioglossum,tegulare,Lasioglossum_tegulare,f,4/16/03,1,pan,ButtersworthBogsRd
Lasioglossum,tegulare,Lasioglossum_tegulare,f,5/20/03,2,pan,ButtersworthBogsRd
Lasioglossum,tegulare,Lasioglossum_tegulare,f,5/20/03,2,pan,ButtersworthBogsRd
Lasioglossum,tegulare,Lasioglossum_tegulare,f,5/20/03,2,pan,ButtersworthBogsRd
Lasioglossum,tegulare,Lasioglossum_tegulare,f,5/20/03,2,pan,ButtersworthBogsRd
Lasioglossum,tegulare,Lasioglossum_tegulare,f,5/20/03,2,pan,ButtersworthBogsRd
Lasioglossum,tegulare,Lasioglossum_tegulare,f,5/20/03,2,pan,ButtersworthBogsRd
Lasioglossum,tegulare,Lasioglossum_tegulare,f,5/20/03,2,pan,ButtersworthBogsRd
Lasioglossum,tegulare,Lasioglossum_tegulare,f,6/17/03,3,pan,ButtersworthBogsRd
Lasioglossum,tegulare,Lasioglossum_tegulare,f,6/17/03,3,pan,ButtersworthBogsRd
Lasioglossum,tegulare,Lasioglossum_tegulare,f,7/16/03,4,pan,ButtersworthBogsRd
Lasioglossum,tegulare,Lasioglossum_tegulare,f,7/16/03,4,pan,ButtersworthBogsRd
Lasioglossum,tegulare,Lasioglossum_tegulare,f,7/16/03,4,pan,ButtersworthBogsRd
Lasioglossum,tegulare,Lasioglossum_tegulare,f,7/16/03,4,pan,ButtersworthBogsRd
Lasioglossum,tegulare,Lasioglossum_tegulare,f,7/16/03,4,pan,ButtersworthBogsRd
Lasioglossum,versatum_OldDetseeTN,Lasioglossum_versatum_OldDetseeTN,f,7/16/03,4,pan,ButtersworthBogsRd
Lasioglossum,vierecki,Lasioglossum_vierecki,f,5/20/03,2,pan,ButtersworthBogsRd
Lasioglossum,vierecki,Lasioglossum_vierecki,f,5/20/03,2,pan,ButtersworthBogsRd
Lasioglossum,vierecki,Lasioglossum_vierecki,f,5/20/03,2,pan,ButtersworthBogsRd
Lasioglossum,fuscipenne,Lasioglossum_fuscipenne,f,6/25/03,3,net,ButtersworthBogsRd
Lasioglossum,leucozonium,Lasioglossum_leucozonium,f,5/20/03,2,pan,ButtersworthBogsRd
Nomada,articulata,Nomada_articulata,m,5/20/03,2,pan,ButtersworthBogsRd
Nomada,articulata,Nomada_articulata,m,5/20/03,2,pan,ButtersworthBogsRd
Nomada,articulata,Nomada_articulata,m,5/20/03,2,pan,ButtersworthBogsRd
Nomada,australis,Nomada_australis,m,5/20/03,2,pan,ButtersworthBogsRd
Nomada,australis,Nomada_australis,m,5/20/03,2,pan,ButtersworthBogsRd
Nomada,australis,Nomada_australis,f,5/20/03,2,pan,ButtersworthBogsRd
Nomada,australis,Nomada_australis,f,6/17/03,3,pan,ButtersworthBogsRd
Nomada,cressonii,Nomada_cressonii,m,4/29/03,1,net,ButtersworthBogsRd
Nomada,luteola,Nomada_luteola,f,5/20/03,2,pan,ButtersworthBogsRd
Nomada,maculata,Nomada_maculata,f,6/6/03,2,net,ButtersworthBogsRd
Nomada,maculata,Nomada_maculata,m,5/20/03,2,pan,ButtersworthBogsRd
Nomada,maculata,Nomada_maculata,m,5/20/03,2,pan,ButtersworthBogsRd
Osmia,atriventris,Osmia_atriventris,m,4/16/03,1,pan,ButtersworthBogsRd
Osmia,atriventris,Osmia_atriventris,m,4/16/03,1,pan,ButtersworthBogsRd
Osmia,atriventris,Osmia_atriventris,m,4/16/03,1,pan,ButtersworthBogsRd
Osmia,georgica,Osmia_georgica,f,5/20/03,2,pan,ButtersworthBogsRd
Osmia,pumila,Osmia_pumila,m,4/29/03,1,net,ButtersworthBogsRd
Osmia,pumila,Osmia_pumila,m,4/16/03,1,pan,ButtersworthBogsRd
Osmia,pumila,Osmia_pumila,m,5/20/03,2,pan,ButtersworthBogsRd
Panurginus,potentillae,Panurginus_potentillae,f,5/20/03,2,pan,ButtersworthBogsRd
Panurginus,potentillae,Panurginus_potentillae,f,5/20/03,2,pan,ButtersworthBogsRd
Panurginus,potentillae,Panurginus_potentillae,m,5/20/03,2,pan,ButtersworthBogsRd
Panurginus,potentillae,Panurginus_potentillae,m,5/20/03,2,pan,ButtersworthBogsRd
Sphecodes,fattigi,Sphecodes_fattigi,m,7/16/03,4,pan,ButtersworthBogsRd